<?xml version = '1.0' encoding = 'UTF-8'?>
<Relation class="oracle.dbtools.crest.model.design.logical.Relation" name="TOUR_TLANGUAGE" directorySegmentName="seg_0" id="10B3E3E3-1561-87AE-C012-5AD5F6A01E1C">
<createdBy>Mark</createdBy>
<createdTime>2022-04-27 18:38:07 UTC</createdTime>
<ownerDesignName>wc_logical</ownerDesignName>
<engineerTo>
<item key="6186B628-56B4-B9C9-90AB-3CE1CA4454F9" value="true"/>
</engineerTo>
<sourcePk>937497A2-C385-9328-C1D5-4EFCA298DC77</sourcePk>
<identifying>true</identifying>
<nameOnSource>offers</nameOnSource>
<nameOnTarget> </nameOnTarget>
<optionalSource>false</optionalSource>
<optionalTarget>false</optionalTarget>
<sourceCardinality>1</sourceCardinality>
<sourceEntity>A1795B95-11D7-D942-34DC-E9ADEB713D72</sourceEntity>
<targetCardinalityString>*</targetCardinalityString>
<targetEntity>0CCFDCBC-8200-1944-EFAF-5B0D99F5865F</targetEntity>
<transferable>true</transferable>
<deleteRule>NO ACTION</deleteRule>
</Relation>
