<?xml version = '1.0' encoding = 'UTF-8'?>
<Relation class="oracle.dbtools.crest.model.design.logical.Relation" name="passenger_guardian" directorySegmentName="seg_0" id="401EF52B-0E3F-3BD1-0BF3-80CA14E2DB3E">
<createdBy>Mark</createdBy>
<createdTime>2022-04-27 12:14:29 UTC</createdTime>
<ownerDesignName>wc_logical</ownerDesignName>
<engineerTo>
<item key="6186B628-56B4-B9C9-90AB-3CE1CA4454F9" value="true"/>
</engineerTo>
<targetPk>481F85A7-77BE-5372-6369-A75F45F209E4</targetPk>
<identifying>false</identifying>
<nameOnSource>guardian of</nameOnSource>
<nameOnTarget> </nameOnTarget>
<optionalSource>true</optionalSource>
<optionalTarget>true</optionalTarget>
<sourceCardinality>1</sourceCardinality>
<sourceEntity>7AFEFA77-51D4-5A79-E997-4D07CB4813A6</sourceEntity>
<targetCardinalityString>*</targetCardinalityString>
<targetEntity>7AFEFA77-51D4-5A79-E997-4D07CB4813A6</targetEntity>
<transferable>true</transferable>
<deleteRule>NO ACTION</deleteRule>
</Relation>
