<?xml version = '1.0' encoding = 'UTF-8'?>
<Relation class="oracle.dbtools.crest.model.design.logical.Relation" name="OPERATOR_SHIP" directorySegmentName="seg_0" id="4D92C9C1-0698-DB7D-E139-A2BFDC888E90">
<createdBy>wongk</createdBy>
<createdTime>2022-04-27 10:35:44 UTC</createdTime>
<ownerDesignName>wc_logical</ownerDesignName>
<engineerTo>
<item key="6186B628-56B4-B9C9-90AB-3CE1CA4454F9" value="true"/>
</engineerTo>
<sourcePk>48C977CA-9ED6-7779-6A79-9BA6377820FB</sourcePk>
<identifying>false</identifying>
<nameOnSource>operates</nameOnSource>
<nameOnTarget> </nameOnTarget>
<optionalSource>false</optionalSource>
<optionalTarget>false</optionalTarget>
<sourceCardinality>1</sourceCardinality>
<sourceEntity>F20E592D-E978-8F8F-F673-2E6AFCE1383C</sourceEntity>
<targetCardinalityString>*</targetCardinalityString>
<targetEntity>CEACD0EC-017D-CF65-EF2F-F261C5773F59</targetEntity>
<transferable>true</transferable>
<deleteRule>NO ACTION</deleteRule>
</Relation>
