<?xml version = '1.0' encoding = 'UTF-8'?>
<Relation class="oracle.dbtools.crest.model.design.logical.Relation" name="SHIP_CABIN" directorySegmentName="seg_0" id="509C2B48-46D2-012E-E479-262520CE9478">
<createdBy>wongk</createdBy>
<createdTime>2022-04-27 10:41:23 UTC</createdTime>
<ownerDesignName>wc_logical</ownerDesignName>
<engineerTo>
<item key="6186B628-56B4-B9C9-90AB-3CE1CA4454F9" value="true"/>
</engineerTo>
<sourcePk>E51C9204-130A-1E5A-0A2B-9A150FE2374E</sourcePk>
<identifying>true</identifying>
<nameOnSource>has</nameOnSource>
<nameOnTarget> </nameOnTarget>
<optionalSource>false</optionalSource>
<optionalTarget>false</optionalTarget>
<sourceCardinality>1</sourceCardinality>
<sourceEntity>CEACD0EC-017D-CF65-EF2F-F261C5773F59</sourceEntity>
<targetCardinalityString>*</targetCardinalityString>
<targetEntity>CBAB4E29-4D3D-0DC1-F029-3A1B5112CE98</targetEntity>
<transferable>true</transferable>
<deleteRule>NO ACTION</deleteRule>
</Relation>
