<?xml version = '1.0' encoding = 'UTF-8'?>
<Relation class="oracle.dbtools.crest.model.design.logical.Relation" name="cruise_manifestv1" directorySegmentName="seg_0" id="7433C076-2400-97CD-00E9-663EC3FBFC97">
<createdBy>Mark</createdBy>
<createdTime>2022-04-27 12:18:41 UTC</createdTime>
<ownerDesignName>wc_logical</ownerDesignName>
<engineerTo>
<item key="6186B628-56B4-B9C9-90AB-3CE1CA4454F9" value="true"/>
</engineerTo>
<sourcePk>892B24DC-E21E-D9E1-1CCB-DB097F0FAD6E</sourcePk>
<identifying>false</identifying>
<nameOnSource>maintains</nameOnSource>
<nameOnTarget> </nameOnTarget>
<optionalSource>true</optionalSource>
<optionalTarget>false</optionalTarget>
<sourceCardinality>1</sourceCardinality>
<sourceEntity>F90E7CD4-50DC-4405-8B26-C4159D662374</sourceEntity>
<targetCardinalityString>*</targetCardinalityString>
<targetEntity>4CBDE4E4-CC31-113F-D9A0-B2ADB6892BCD</targetEntity>
<transferable>true</transferable>
<deleteRule>NO ACTION</deleteRule>
</Relation>
