<?xml version = '1.0' encoding = 'UTF-8'?>
<Relation class="oracle.dbtools.crest.model.design.logical.Relation" name="COUNTRY_PORT" directorySegmentName="seg_0" id="76465C13-6988-441A-C55C-A18BE6BA51DD">
<createdBy>Mark</createdBy>
<createdTime>2022-04-27 13:52:05 UTC</createdTime>
<ownerDesignName>wc_logical</ownerDesignName>
<engineerTo>
<item key="6186B628-56B4-B9C9-90AB-3CE1CA4454F9" value="true"/>
</engineerTo>
<sourcePk>1E45C239-7393-6B99-BDE2-4267A5B23A8B</sourcePk>
<identifying>false</identifying>
<nameOnSource>is in</nameOnSource>
<nameOnTarget> </nameOnTarget>
<optionalSource>true</optionalSource>
<optionalTarget>false</optionalTarget>
<sourceCardinality>1</sourceCardinality>
<sourceEntity>C97D2ED3-464D-9DB0-1702-2189BC91FBE7</sourceEntity>
<targetCardinalityString>*</targetCardinalityString>
<targetEntity>6D1DABDC-9D74-8744-A4C8-93A6C489AB45</targetEntity>
<transferable>true</transferable>
<deleteRule>NO ACTION</deleteRule>
</Relation>
