<?xml version = '1.0' encoding = 'UTF-8'?>
<Relation class="oracle.dbtools.crest.model.design.logical.Relation" name="SHIP_CRUISE" directorySegmentName="seg_0" id="76E69669-3E4C-1862-BCCB-2A317137C3BE">
<createdBy>wongk</createdBy>
<createdTime>2022-04-27 10:55:52 UTC</createdTime>
<ownerDesignName>wc_logical</ownerDesignName>
<engineerTo>
<item key="6186B628-56B4-B9C9-90AB-3CE1CA4454F9" value="true"/>
</engineerTo>
<sourcePk>E51C9204-130A-1E5A-0A2B-9A150FE2374E</sourcePk>
<identifying>false</identifying>
<nameOnSource>goes on</nameOnSource>
<nameOnTarget> </nameOnTarget>
<optionalSource>true</optionalSource>
<optionalTarget>false</optionalTarget>
<sourceCardinality>1</sourceCardinality>
<sourceEntity>CEACD0EC-017D-CF65-EF2F-F261C5773F59</sourceEntity>
<targetCardinalityString>*</targetCardinalityString>
<targetEntity>F90E7CD4-50DC-4405-8B26-C4159D662374</targetEntity>
<transferable>true</transferable>
<deleteRule>NO ACTION</deleteRule>
</Relation>
