<?xml version = '1.0' encoding = 'UTF-8'?>
<Relation class="oracle.dbtools.crest.model.design.logical.Relation" name="CRUISE_PORT_TOUR_PARTICIPANT" directorySegmentName="seg_0" id="859ACC67-34B8-CD09-FF69-A1405E66E49D">
<createdBy>Mark</createdBy>
<createdTime>2022-04-27 18:29:13 UTC</createdTime>
<ownerDesignName>wc_logical</ownerDesignName>
<engineerTo>
<item key="6186B628-56B4-B9C9-90AB-3CE1CA4454F9" value="true"/>
</engineerTo>
<sourcePk>892B24DC-E21E-D9E1-1CCB-DB097F0FAD6E</sourcePk>
<identifying>false</identifying>
<nameOnSource>has</nameOnSource>
<nameOnTarget> </nameOnTarget>
<optionalSource>true</optionalSource>
<optionalTarget>false</optionalTarget>
<sourceCardinality>1</sourceCardinality>
<sourceEntity>F90E7CD4-50DC-4405-8B26-C4159D662374</sourceEntity>
<targetCardinalityString>*</targetCardinalityString>
<targetEntity>F10261F4-6544-DD83-1CAF-9F122AD14889</targetEntity>
<transferable>true</transferable>
<deleteRule>NO ACTION</deleteRule>
</Relation>
