<?xml version = '1.0' encoding = 'UTF-8'?>
<Relation class="oracle.dbtools.crest.model.design.logical.Relation" name="PORT_PORT_TEMP" directorySegmentName="seg_0" id="8D2DEBAB-64C8-A7E4-BF1B-CD0B1F0ADE7B">
<createdBy>wongk</createdBy>
<createdTime>2022-04-27 17:54:02 UTC</createdTime>
<ownerDesignName>wc_logical</ownerDesignName>
<engineerTo>
<item key="6186B628-56B4-B9C9-90AB-3CE1CA4454F9" value="true"/>
</engineerTo>
<sourcePk>2E19A6EC-5FA2-877D-5868-847287B59EDF</sourcePk>
<identifying>true</identifying>
<nameOnSource>is of temperature</nameOnSource>
<nameOnTarget> </nameOnTarget>
<optionalSource>false</optionalSource>
<optionalTarget>false</optionalTarget>
<sourceCardinality>1</sourceCardinality>
<sourceEntity>6D1DABDC-9D74-8744-A4C8-93A6C489AB45</sourceEntity>
<targetCardinalityString>*</targetCardinalityString>
<targetEntity>72EED806-F166-0747-293F-8AE7BE6E89A1</targetEntity>
<transferable>true</transferable>
<deleteRule>NO ACTION</deleteRule>
</Relation>
