<?xml version = '1.0' encoding = 'UTF-8'?>
<Relation class="oracle.dbtools.crest.model.design.logical.Relation" name="manifest_passenger" directorySegmentName="seg_0" id="A3B4F1D6-8E43-856B-84D5-452A055F4C28">
<createdBy>Mark</createdBy>
<createdTime>2022-04-27 12:15:25 UTC</createdTime>
<ownerDesignName>wc_logical</ownerDesignName>
<engineerTo>
<item key="6186B628-56B4-B9C9-90AB-3CE1CA4454F9" value="true"/>
</engineerTo>
<sourcePk>481F85A7-77BE-5372-6369-A75F45F209E4</sourcePk>
<identifying>false</identifying>
<nameOnSource>records</nameOnSource>
<nameOnTarget> </nameOnTarget>
<optionalSource>false</optionalSource>
<optionalTarget>false</optionalTarget>
<sourceCardinality>1</sourceCardinality>
<sourceEntity>7AFEFA77-51D4-5A79-E997-4D07CB4813A6</sourceEntity>
<targetCardinalityString>*</targetCardinalityString>
<targetEntity>4CBDE4E4-CC31-113F-D9A0-B2ADB6892BCD</targetEntity>
<transferable>true</transferable>
<deleteRule>NO ACTION</deleteRule>
</Relation>
