<?xml version = '1.0' encoding = 'UTF-8'?>
<Relation class="oracle.dbtools.crest.model.design.logical.Relation" name="cabin_manifest" directorySegmentName="seg_0" id="A410611A-D47C-B093-C1CA-6EDAB277B8FD">
<createdBy>Mark</createdBy>
<createdTime>2022-04-27 12:17:42 UTC</createdTime>
<ownerDesignName>wc_logical</ownerDesignName>
<engineerTo>
<item key="6186B628-56B4-B9C9-90AB-3CE1CA4454F9" value="true"/>
</engineerTo>
<sourcePk>770C0AEC-4C29-C1BA-8069-5206B88463BF</sourcePk>
<identifying>false</identifying>
<nameOnSource>assigns</nameOnSource>
<nameOnTarget> </nameOnTarget>
<optionalSource>true</optionalSource>
<optionalTarget>false</optionalTarget>
<sourceCardinality>1</sourceCardinality>
<sourceEntity>CBAB4E29-4D3D-0DC1-F029-3A1B5112CE98</sourceEntity>
<targetCardinalityString>*</targetCardinalityString>
<targetEntity>4CBDE4E4-CC31-113F-D9A0-B2ADB6892BCD</targetEntity>
<transferable>true</transferable>
<deleteRule>NO ACTION</deleteRule>
</Relation>
