<?xml version = '1.0' encoding = 'UTF-8'?>
<Relation class="oracle.dbtools.crest.model.design.logical.Relation" name="CRUISE_CRUISE_PORT" directorySegmentName="seg_0" id="D6249E24-8A0D-10BD-E020-1860FFDFFFCC">
<createdBy>wongk</createdBy>
<createdTime>2022-04-27 11:24:13 UTC</createdTime>
<ownerDesignName>wc_logical</ownerDesignName>
<engineerTo>
<item key="6186B628-56B4-B9C9-90AB-3CE1CA4454F9" value="true"/>
</engineerTo>
<sourcePk>892B24DC-E21E-D9E1-1CCB-DB097F0FAD6E</sourcePk>
<identifying>true</identifying>
<nameOnSource>visits</nameOnSource>
<nameOnTarget> </nameOnTarget>
<optionalSource>false</optionalSource>
<optionalTarget>false</optionalTarget>
<sourceCardinality>1</sourceCardinality>
<sourceEntity>F90E7CD4-50DC-4405-8B26-C4159D662374</sourceEntity>
<targetCardinalityString>*</targetCardinalityString>
<targetEntity>30627008-E0D7-B624-1ED4-1DDDC9EDC51C</targetEntity>
<transferable>true</transferable>
<deleteRule>NO ACTION</deleteRule>
</Relation>
