<?xml version = '1.0' encoding = 'UTF-8'?>
<Relation class="oracle.dbtools.crest.model.design.logical.Relation" name="Relation_24" directorySegmentName="seg_0" id="EAAC18EC-8067-81D1-28D7-75B4D8B59624">
<createdBy>Mark</createdBy>
<createdTime>2022-04-27 13:53:45 UTC</createdTime>
<ownerDesignName>wc_logical</ownerDesignName>
<engineerTo>
<item key="6186B628-56B4-B9C9-90AB-3CE1CA4454F9" value="true"/>
</engineerTo>
<sourcePk>1E45C239-7393-6B99-BDE2-4267A5B23A8B</sourcePk>
<identifying>false</identifying>
<nameOnSource>registered in</nameOnSource>
<nameOnTarget> </nameOnTarget>
<optionalSource>true</optionalSource>
<optionalTarget>false</optionalTarget>
<sourceCardinality>1</sourceCardinality>
<sourceEntity>C97D2ED3-464D-9DB0-1702-2189BC91FBE7</sourceEntity>
<targetCardinalityString>*</targetCardinalityString>
<targetEntity>CEACD0EC-017D-CF65-EF2F-F261C5773F59</targetEntity>
<transferable>true</transferable>
<deleteRule>NO ACTION</deleteRule>
</Relation>
