<?xml version = '1.0' encoding = 'UTF-8'?>
<Relation class="oracle.dbtools.crest.model.design.logical.Relation" name="PASSENGER_LANGUAGE" directorySegmentName="seg_0" id="F5A7D322-56F8-904E-930C-B080DCFC32D5">
<createdBy>Mark</createdBy>
<createdTime>2022-04-27 18:34:45 UTC</createdTime>
<ownerDesignName>wc_logical</ownerDesignName>
<engineerTo>
<item key="6186B628-56B4-B9C9-90AB-3CE1CA4454F9" value="true"/>
</engineerTo>
<sourcePk>621D79B0-FDF1-81BB-AAEC-029C5525C15F</sourcePk>
<identifying>false</identifying>
<nameOnSource>speaks</nameOnSource>
<nameOnTarget> </nameOnTarget>
<optionalSource>true</optionalSource>
<optionalTarget>false</optionalTarget>
<sourceCardinality>1</sourceCardinality>
<sourceEntity>2CB06F2D-5864-D5C2-6DC1-44DCCB50BF65</sourceEntity>
<targetCardinalityString>*</targetCardinalityString>
<targetEntity>7AFEFA77-51D4-5A79-E997-4D07CB4813A6</targetEntity>
<transferable>true</transferable>
<deleteRule>NO ACTION</deleteRule>
</Relation>
