<?xml version = '1.0' encoding = 'UTF-8'?>
<Relation class="oracle.dbtools.crest.model.design.logical.Relation" name="TOUR_TPARTICIPANT" directorySegmentName="seg_0" id="F82703BF-D9CD-0847-E107-35063FDA10FE">
<createdBy>Mark</createdBy>
<createdTime>2022-04-27 18:32:07 UTC</createdTime>
<ownerDesignName>wc_logical</ownerDesignName>
<engineerTo>
<item key="6186B628-56B4-B9C9-90AB-3CE1CA4454F9" value="true"/>
</engineerTo>
<sourcePk>937497A2-C385-9328-C1D5-4EFCA298DC77</sourcePk>
<identifying>true</identifying>
<nameOnSource>registered by</nameOnSource>
<nameOnTarget> </nameOnTarget>
<optionalSource>true</optionalSource>
<optionalTarget>false</optionalTarget>
<sourceCardinality>1</sourceCardinality>
<sourceEntity>A1795B95-11D7-D942-34DC-E9ADEB713D72</sourceEntity>
<targetCardinalityString>*</targetCardinalityString>
<targetEntity>F10261F4-6544-DD83-1CAF-9F122AD14889</targetEntity>
<transferable>true</transferable>
<deleteRule>NO ACTION</deleteRule>
</Relation>
