<?xml version = '1.0' encoding = 'UTF-8'?>
<Entity class="oracle.dbtools.crest.model.design.logical.Entity" directorySegmentName="seg_0" id="0CCFDCBC-8200-1944-EFAF-5B0D99F5865F" name="TOUR_LANGUAGE">
<createdBy>Mark</createdBy>
<createdTime>2022-04-27 18:37:45 UTC</createdTime>
<ownerDesignName>wc_logical</ownerDesignName>
<engineerTo>
<item key="6186B628-56B4-B9C9-90AB-3CE1CA4454F9" value="true"/>
</engineerTo>
<adequatelyNormalized>NO</adequatelyNormalized>
<expectedVolumes>0</expectedVolumes>
<fwdEngineeringStrategyName>Single Table</fwdEngineeringStrategyName>
<growthPercent>0</growthPercent>
<growthType>Year</growthType>
<maxVolumes>9999999</maxVolumes>
<minVolumes>0</minVolumes>
<normalForm>Third</normalForm>
<attributes itemClass="oracle.dbtools.crest.model.design.logical.Attribute">
<Attribute name="tour_id" id="4F888CD5-34E8-17BE-862D-31BA630C67DE">
<createdBy>wongk</createdBy>
<createdTime>2022-04-28 04:14:39 UTC</createdTime>
<commentInRDBMS><![CDATA[the tour's id]]></commentInRDBMS>
<generatorID>10B3E3E3-1561-87AE-C012-5AD5F6A01E1C</generatorID>
<ownerDesignName>wc_logical</ownerDesignName>
<engineerTo>
<item key="6186B628-56B4-B9C9-90AB-3CE1CA4454F9" value="true"/>
</engineerTo>
<referedAttribute>6DBA7765-73CA-D182-DD38-76AD9287D479</referedAttribute>
<useDomainConstraints>false</useDomainConstraints>
<use>1</use>
<logicalDatatype>LOGDT019</logicalDatatype>
<dataTypePrecision>7</dataTypePrecision>
<ownDataTypeParameters>,,</ownDataTypeParameters>
</Attribute>
<Attribute name="language_code" id="37321B68-5586-3D32-F123-93CA546276BB">
<createdBy>Mark</createdBy>
<createdTime>2022-04-27 18:39:46 UTC</createdTime>
<commentInRDBMS><![CDATA[language code following ISO 639-1 Alpha-2 codes]]></commentInRDBMS>
<generatorID>B416730C-6DE0-4A13-594C-039B4727BD4B</generatorID>
<ownerDesignName>wc_logical</ownerDesignName>
<engineerTo>
<item key="6186B628-56B4-B9C9-90AB-3CE1CA4454F9" value="true"/>
</engineerTo>
<referedAttribute>45601F3F-8EB8-11CE-2978-ADB5761425D9</referedAttribute>
<useDomainConstraints>false</useDomainConstraints>
<use>1</use>
<logicalDatatype>LOGDT025</logicalDatatype>
<dataTypeSize>2</dataTypeSize>
<ownDataTypeParameters>,,</ownDataTypeParameters>
</Attribute>
</attributes>
<identifiers itemClass="oracle.dbtools.crest.model.design.logical.CandidateKey">
<identifier id="C7B1FC1F-EF27-EF35-A737-AEDD514DA2FF" name="TOUR_LANGUAGE PK">
<createdBy>Mark</createdBy>
<createdTime>2022-04-27 18:38:45 UTC</createdTime>
<ownerDesignName>wc_logical</ownerDesignName>
<engineerTo>
<item key="6186B628-56B4-B9C9-90AB-3CE1CA4454F9" value="true"/>
</engineerTo>
<pk>true</pk>
<newElementsIDs>10B3E3E3-1561-87AE-C012-5AD5F6A01E1C,B416730C-6DE0-4A13-594C-039B4727BD4B</newElementsIDs>
<usedAttributes>
<attributeRef>4F888CD5-34E8-17BE-862D-31BA630C67DE</attributeRef>
<attributeRef>37321B68-5586-3D32-F123-93CA546276BB</attributeRef>
</usedAttributes>
</identifier>
</identifiers>
</Entity>
