<?xml version = '1.0' encoding = 'UTF-8'?>
<Entity class="oracle.dbtools.crest.model.design.logical.Entity" directorySegmentName="seg_0" id="2CB06F2D-5864-D5C2-6DC1-44DCCB50BF65" name="LANGUAGE">
<createdBy>Mark</createdBy>
<createdTime>2022-04-27 18:18:09 UTC</createdTime>
<ownerDesignName>wc_logical</ownerDesignName>
<engineerTo>
<item key="6186B628-56B4-B9C9-90AB-3CE1CA4454F9" value="true"/>
</engineerTo>
<adequatelyNormalized>NO</adequatelyNormalized>
<expectedVolumes>0</expectedVolumes>
<fwdEngineeringStrategyName>Single Table</fwdEngineeringStrategyName>
<growthPercent>0</growthPercent>
<growthType>Year</growthType>
<maxVolumes>9999999</maxVolumes>
<minVolumes>0</minVolumes>
<normalForm>Third</normalForm>
<attributes itemClass="oracle.dbtools.crest.model.design.logical.Attribute">
<Attribute name="language_code" id="45601F3F-8EB8-11CE-2978-ADB5761425D9">
<createdBy>Mark</createdBy>
<createdTime>2022-04-27 18:18:24 UTC</createdTime>
<commentInRDBMS><![CDATA[language code following ISO 639-1 Alpha-2 codes]]></commentInRDBMS>
<ownerDesignName>wc_logical</ownerDesignName>
<engineerTo>
<item key="6186B628-56B4-B9C9-90AB-3CE1CA4454F9" value="true"/>
</engineerTo>
<useDomainConstraints>false</useDomainConstraints>
<use>1</use>
<logicalDatatype>LOGDT025</logicalDatatype>
<dataTypeSize>2</dataTypeSize>
<ownDataTypeParameters>2,,</ownDataTypeParameters>
</Attribute>
<Attribute name="language_name" id="40343FA8-5DA9-5342-7766-10DC0C45A4B7">
<createdBy>Mark</createdBy>
<createdTime>2022-04-27 18:18:37 UTC</createdTime>
<commentInRDBMS><![CDATA[language name]]></commentInRDBMS>
<ownerDesignName>wc_logical</ownerDesignName>
<engineerTo>
<item key="6186B628-56B4-B9C9-90AB-3CE1CA4454F9" value="true"/>
</engineerTo>
<useDomainConstraints>false</useDomainConstraints>
<use>1</use>
<logicalDatatype>LOGDT024</logicalDatatype>
<dataTypeSize>20</dataTypeSize>
<ownDataTypeParameters>20,,</ownDataTypeParameters>
</Attribute>
</attributes>
<identifiers itemClass="oracle.dbtools.crest.model.design.logical.CandidateKey">
<identifier id="621D79B0-FDF1-81BB-AAEC-029C5525C15F" name="LANGUAGE PK">
<createdBy>Mark</createdBy>
<createdTime>2022-04-27 18:18:31 UTC</createdTime>
<ownerDesignName>wc_logical</ownerDesignName>
<engineerTo>
<item key="6186B628-56B4-B9C9-90AB-3CE1CA4454F9" value="true"/>
</engineerTo>
<pk>true</pk>
<usedAttributes>
<attributeRef>45601F3F-8EB8-11CE-2978-ADB5761425D9</attributeRef>
</usedAttributes>
</identifier>
</identifiers>
</Entity>
