<?xml version = '1.0' encoding = 'UTF-8'?>
<Entity class="oracle.dbtools.crest.model.design.logical.Entity" directorySegmentName="seg_0" id="4CBDE4E4-CC31-113F-D9A0-B2ADB6892BCD" name="MANIFEST">
<createdBy>Mark</createdBy>
<createdTime>2022-04-27 12:05:48 UTC</createdTime>
<ownerDesignName>wc_logical</ownerDesignName>
<engineerTo>
<item key="6186B628-56B4-B9C9-90AB-3CE1CA4454F9" value="true"/>
</engineerTo>
<adequatelyNormalized>NO</adequatelyNormalized>
<expectedVolumes>0</expectedVolumes>
<fwdEngineeringStrategyName>Single Table</fwdEngineeringStrategyName>
<growthPercent>0</growthPercent>
<growthType>Year</growthType>
<maxVolumes>9999999</maxVolumes>
<minVolumes>0</minVolumes>
<normalForm>Third</normalForm>
<attributes itemClass="oracle.dbtools.crest.model.design.logical.Attribute">
<Attribute name="manifest_id" id="47030E06-9D48-285F-AF60-3CB4D2833CEF">
<createdBy>Mark</createdBy>
<createdTime>2022-04-27 14:40:47 UTC</createdTime>
<commentInRDBMS><![CDATA[manifest id (surrogate key)]]></commentInRDBMS>
<ownerDesignName>wc_logical</ownerDesignName>
<engineerTo>
<item key="6186B628-56B4-B9C9-90AB-3CE1CA4454F9" value="true"/>
</engineerTo>
<useDomainConstraints>false</useDomainConstraints>
<use>1</use>
<logicalDatatype>LOGDT019</logicalDatatype>
<dataTypePrecision>7</dataTypePrecision>
<ownDataTypeParameters>,7,</ownDataTypeParameters>
</Attribute>
<Attribute name="cruise_id" id="8C66CCAC-469C-C085-68D5-D67075A2A666">
<createdBy>Mark</createdBy>
<createdTime>2022-04-27 12:18:41 UTC</createdTime>
<commentInRDBMS><![CDATA[the cruise's ID]]></commentInRDBMS>
<generatorID>7433C076-2400-97CD-00E9-663EC3FBFC97</generatorID>
<ownerDesignName>wc_logical</ownerDesignName>
<engineerTo>
<item key="6186B628-56B4-B9C9-90AB-3CE1CA4454F9" value="true"/>
</engineerTo>
<referedAttribute>06A44BC0-9BFB-AC6E-9391-AD37AC6AF7C5</referedAttribute>
<useDomainConstraints>false</useDomainConstraints>
<use>1</use>
<logicalDatatype>LOGDT019</logicalDatatype>
<dataTypePrecision>7</dataTypePrecision>
<ownDataTypeParameters>,,</ownDataTypeParameters>
</Attribute>
<Attribute name="passenger_id" id="23FBE2E4-39F2-D4AF-B441-F89B8DB07A49">
<createdBy>Mark</createdBy>
<createdTime>2022-04-27 12:15:25 UTC</createdTime>
<commentInRDBMS><![CDATA[passenger id]]></commentInRDBMS>
<generatorID>A3B4F1D6-8E43-856B-84D5-452A055F4C28</generatorID>
<ownerDesignName>wc_logical</ownerDesignName>
<engineerTo>
<item key="6186B628-56B4-B9C9-90AB-3CE1CA4454F9" value="true"/>
</engineerTo>
<referedAttribute>4BC61BEE-E6B8-5D62-3793-EAC0356BE94A</referedAttribute>
<useDomainConstraints>false</useDomainConstraints>
<use>1</use>
<logicalDatatype>LOGDT019</logicalDatatype>
<dataTypePrecision>7</dataTypePrecision>
<ownDataTypeParameters>,,</ownDataTypeParameters>
</Attribute>
<Attribute name="cabin_number" id="E7E9590A-33E8-9417-25EA-29EC491491A5">
<createdBy>Mark</createdBy>
<createdTime>2022-04-27 12:17:42 UTC</createdTime>
<commentInRDBMS><![CDATA[the cabin's number]]></commentInRDBMS>
<generatorID>A410611A-D47C-B093-C1CA-6EDAB277B8FD</generatorID>
<ownerDesignName>wc_logical</ownerDesignName>
<engineerTo>
<item key="6186B628-56B4-B9C9-90AB-3CE1CA4454F9" value="true"/>
</engineerTo>
<referedAttribute>61F99521-F247-1F74-819A-2097974F9286</referedAttribute>
<useDomainConstraints>false</useDomainConstraints>
<use>1</use>
<logicalDatatype>LOGDT024</logicalDatatype>
<dataTypeSize>5</dataTypeSize>
<ownDataTypeParameters>,,</ownDataTypeParameters>
</Attribute>
<Attribute name="ship_code" id="C017C6BA-34E4-8C74-93B3-853AFBC4CFD6">
<createdBy>Mark</createdBy>
<createdTime>2022-04-27 12:17:42 UTC</createdTime>
<commentInRDBMS><![CDATA[the ship's code]]></commentInRDBMS>
<generatorID>A410611A-D47C-B093-C1CA-6EDAB277B8FD</generatorID>
<ownerDesignName>wc_logical</ownerDesignName>
<engineerTo>
<item key="6186B628-56B4-B9C9-90AB-3CE1CA4454F9" value="true"/>
</engineerTo>
<referedAttribute>D52B1876-A4AF-7C8E-4B48-A5B42D451EEE</referedAttribute>
<useDomainConstraints>false</useDomainConstraints>
<use>1</use>
<logicalDatatype>LOGDT019</logicalDatatype>
<dataTypePrecision>3</dataTypePrecision>
<ownDataTypeParameters>,,</ownDataTypeParameters>
</Attribute>
<Attribute name="manifest_board_datetime" id="5A3E03BF-6C50-B756-849C-2E1037004255">
<createdBy>Mark</createdBy>
<createdTime>2022-04-27 12:07:30 UTC</createdTime>
<commentInRDBMS><![CDATA[manifest board date and time]]></commentInRDBMS>
<ownerDesignName>wc_logical</ownerDesignName>
<engineerTo>
<item key="6186B628-56B4-B9C9-90AB-3CE1CA4454F9" value="true"/>
</engineerTo>
<useDomainConstraints>false</useDomainConstraints>
<use>1</use>
<logicalDatatype>LOGDT007</logicalDatatype>
<ownDataTypeParameters>,,</ownDataTypeParameters>
</Attribute>
</attributes>
<identifiers itemClass="oracle.dbtools.crest.model.design.logical.CandidateKey">
<identifier id="2925F9F0-B030-7B6B-16BE-6AAC1C846B16" name="MANIFEST PK">
<createdBy>Mark</createdBy>
<createdTime>2022-04-27 12:07:19 UTC</createdTime>
<ownerDesignName>wc_logical</ownerDesignName>
<engineerTo>
<item key="6186B628-56B4-B9C9-90AB-3CE1CA4454F9" value="true"/>
</engineerTo>
<pk>true</pk>
<usedAttributes>
<attributeRef>47030E06-9D48-285F-AF60-3CB4D2833CEF</attributeRef>
</usedAttributes>
</identifier>
<identifier id="386E9D65-A301-1E19-1675-6534870937C3" name="MANIFEST NK">
<createdBy>Mark</createdBy>
<createdTime>2022-04-27 14:41:26 UTC</createdTime>
<ownerDesignName>wc_logical</ownerDesignName>
<engineerTo>
<item key="6186B628-56B4-B9C9-90AB-3CE1CA4454F9" value="true"/>
</engineerTo>
<newElementsIDs>8C66CCAC-469C-C085-68D5-D67075A2A666,23FBE2E4-39F2-D4AF-B441-F89B8DB07A49</newElementsIDs>
<usedAttributes>
<attributeRef>8C66CCAC-469C-C085-68D5-D67075A2A666</attributeRef>
<attributeRef>23FBE2E4-39F2-D4AF-B441-F89B8DB07A49</attributeRef>
</usedAttributes>
</identifier>
</identifiers>
</Entity>
