<?xml version = '1.0' encoding = 'UTF-8'?>
<Entity class="oracle.dbtools.crest.model.design.logical.Entity" directorySegmentName="seg_0" id="6D1DABDC-9D74-8744-A4C8-93A6C489AB45" name="PORT">
<createdBy>wongk</createdBy>
<createdTime>2022-04-27 10:57:11 UTC</createdTime>
<ownerDesignName>wc_logical</ownerDesignName>
<engineerTo>
<item key="6186B628-56B4-B9C9-90AB-3CE1CA4454F9" value="true"/>
</engineerTo>
<adequatelyNormalized>NO</adequatelyNormalized>
<expectedVolumes>0</expectedVolumes>
<fwdEngineeringStrategyName>Single Table</fwdEngineeringStrategyName>
<growthPercent>0</growthPercent>
<growthType>Year</growthType>
<maxVolumes>9999999</maxVolumes>
<minVolumes>0</minVolumes>
<normalForm>Third</normalForm>
<attributes itemClass="oracle.dbtools.crest.model.design.logical.Attribute">
<Attribute name="port_code" id="281BDC68-8910-8B88-6ADA-70D280B4019D">
<createdBy>wongk</createdBy>
<createdTime>2022-04-27 10:57:18 UTC</createdTime>
<commentInRDBMS><![CDATA[the port's code]]></commentInRDBMS>
<ownerDesignName>wc_logical</ownerDesignName>
<engineerTo>
<item key="6186B628-56B4-B9C9-90AB-3CE1CA4454F9" value="true"/>
</engineerTo>
<useDomainConstraints>false</useDomainConstraints>
<use>1</use>
<logicalDatatype>LOGDT025</logicalDatatype>
<dataTypeSize>5</dataTypeSize>
<ownDataTypeParameters>5,,</ownDataTypeParameters>
</Attribute>
<Attribute name="port_country_code" id="EF062446-0641-CE2C-B634-534DAF4A797A">
<createdBy>Mark</createdBy>
<createdTime>2022-04-27 13:52:05 UTC</createdTime>
<commentInRDBMS><![CDATA[the country's code following ISO 3166-1 Alpha-2 codes]]></commentInRDBMS>
<generatorID>76465C13-6988-441A-C55C-A18BE6BA51DD</generatorID>
<ownerDesignName>wc_logical</ownerDesignName>
<engineerTo>
<item key="6186B628-56B4-B9C9-90AB-3CE1CA4454F9" value="true"/>
</engineerTo>
<referedAttribute>B887541C-7DB4-D2FE-18B9-C88ECECF8CDA</referedAttribute>
<useDomainConstraints>false</useDomainConstraints>
<use>1</use>
<logicalDatatype>LOGDT025</logicalDatatype>
<dataTypeSize>2</dataTypeSize>
<ownDataTypeParameters>2,,</ownDataTypeParameters>
</Attribute>
<Attribute name="port_name" id="366D446B-E89C-2CAE-323F-F950FF985797">
<createdBy>wongk</createdBy>
<createdTime>2022-04-27 10:59:30 UTC</createdTime>
<commentInRDBMS><![CDATA[the port's name]]></commentInRDBMS>
<ownerDesignName>wc_logical</ownerDesignName>
<engineerTo>
<item key="6186B628-56B4-B9C9-90AB-3CE1CA4454F9" value="true"/>
</engineerTo>
<useDomainConstraints>false</useDomainConstraints>
<use>1</use>
<logicalDatatype>LOGDT024</logicalDatatype>
<dataTypeSize>20</dataTypeSize>
<ownDataTypeParameters>20,,</ownDataTypeParameters>
</Attribute>
<Attribute name="port_population" id="D222A1DF-BB92-8C5F-B2DC-8336CAC9265C">
<createdBy>wongk</createdBy>
<createdTime>2022-04-27 11:02:02 UTC</createdTime>
<commentInRDBMS><![CDATA[the port's population]]></commentInRDBMS>
<ownerDesignName>wc_logical</ownerDesignName>
<engineerTo>
<item key="6186B628-56B4-B9C9-90AB-3CE1CA4454F9" value="true"/>
</engineerTo>
<useDomainConstraints>false</useDomainConstraints>
<use>1</use>
<logicalDatatype>LOGDT019</logicalDatatype>
<dataTypePrecision>5</dataTypePrecision>
<ownDataTypeParameters>,5,</ownDataTypeParameters>
</Attribute>
<Attribute name="port_longitude" id="2A75BCDB-A10B-F783-0AAC-356E6754F505">
<createdBy>wongk</createdBy>
<createdTime>2022-04-27 11:02:45 UTC</createdTime>
<commentInRDBMS><![CDATA[the port's longitude]]></commentInRDBMS>
<ownerDesignName>wc_logical</ownerDesignName>
<engineerTo>
<item key="6186B628-56B4-B9C9-90AB-3CE1CA4454F9" value="true"/>
</engineerTo>
<useDomainConstraints>false</useDomainConstraints>
<use>1</use>
<logicalDatatype>LOGDT019</logicalDatatype>
<dataTypePrecision>10</dataTypePrecision>
<dataTypeScale>7</dataTypeScale>
<ownDataTypeParameters>,10,7</ownDataTypeParameters>
</Attribute>
<Attribute name="port_latiittude" id="4E6D1B56-EDE0-8181-528A-F02E22F4949C">
<createdBy>wongk</createdBy>
<createdTime>2022-04-27 11:03:12 UTC</createdTime>
<commentInRDBMS><![CDATA[the port's latitude]]></commentInRDBMS>
<ownerDesignName>wc_logical</ownerDesignName>
<engineerTo>
<item key="6186B628-56B4-B9C9-90AB-3CE1CA4454F9" value="true"/>
</engineerTo>
<useDomainConstraints>false</useDomainConstraints>
<use>1</use>
<logicalDatatype>LOGDT019</logicalDatatype>
<dataTypePrecision>9</dataTypePrecision>
<dataTypeScale>7</dataTypeScale>
<ownDataTypeParameters>,9,7</ownDataTypeParameters>
</Attribute>
</attributes>
<identifiers itemClass="oracle.dbtools.crest.model.design.logical.CandidateKey">
<identifier id="2E19A6EC-5FA2-877D-5868-847287B59EDF" name="PORT PK">
<createdBy>wongk</createdBy>
<createdTime>2022-04-27 10:59:27 UTC</createdTime>
<ownerDesignName>wc_logical</ownerDesignName>
<engineerTo>
<item key="6186B628-56B4-B9C9-90AB-3CE1CA4454F9" value="true"/>
</engineerTo>
<pk>true</pk>
<usedAttributes>
<attributeRef>281BDC68-8910-8B88-6ADA-70D280B4019D</attributeRef>
</usedAttributes>
</identifier>
</identifiers>
</Entity>
