<?xml version = '1.0' encoding = 'UTF-8'?>
<Entity class="oracle.dbtools.crest.model.design.logical.Entity" directorySegmentName="seg_0" id="72EED806-F166-0747-293F-8AE7BE6E89A1" name="PORT_TEMP">
<createdBy>wongk</createdBy>
<createdTime>2022-04-27 17:44:17 UTC</createdTime>
<ownerDesignName>wc_logical</ownerDesignName>
<engineerTo>
<item key="6186B628-56B4-B9C9-90AB-3CE1CA4454F9" value="true"/>
</engineerTo>
<adequatelyNormalized>NO</adequatelyNormalized>
<expectedVolumes>0</expectedVolumes>
<fwdEngineeringStrategyName>Single Table</fwdEngineeringStrategyName>
<growthPercent>0</growthPercent>
<growthType>Year</growthType>
<maxVolumes>9999999</maxVolumes>
<minVolumes>0</minVolumes>
<normalForm>Third</normalForm>
<attributes itemClass="oracle.dbtools.crest.model.design.logical.Attribute">
<Attribute name="port_temp_month" id="E95126BF-E9D5-B567-319A-16F9C8D040A1">
<createdBy>wongk</createdBy>
<createdTime>2022-04-27 17:44:28 UTC</createdTime>
<commentInRDBMS><![CDATA[the month of the port's temperature]]></commentInRDBMS>
<ownerDesignName>wc_logical</ownerDesignName>
<engineerTo>
<item key="6186B628-56B4-B9C9-90AB-3CE1CA4454F9" value="true"/>
</engineerTo>
<constraintName>chk_port_temp_month</constraintName>
<useDomainConstraints>false</useDomainConstraints>
<use>1</use>
<logicalDatatype>LOGDT024</logicalDatatype>
<dataTypeSize>4</dataTypeSize>
<listOfValues>
<valueDef value="Apr" description="Aprill"/>
<valueDef value="Aug" description="August"/>
<valueDef value="Dec" description="December"/>
<valueDef value="Feb" description="February"/>
<valueDef value="Jan" description="January"/>
<valueDef value="July" description="July"/>
<valueDef value="Jun" description="June"/>
<valueDef value="Mar" description="March"/>
<valueDef value="May" description="May"/>
<valueDef value="Nov" description="November"/>
<valueDef value="Oct" description="October"/>
<valueDef value="Sep" description="September"/>
</listOfValues>
<ownDataTypeParameters>4,,</ownDataTypeParameters>
</Attribute>
<Attribute name="port_code" id="E84A45AC-7495-CA65-E83C-78760D757033">
<createdBy>wongk</createdBy>
<createdTime>2022-04-27 17:54:02 UTC</createdTime>
<commentInRDBMS><![CDATA[the port's code]]></commentInRDBMS>
<generatorID>8D2DEBAB-64C8-A7E4-BF1B-CD0B1F0ADE7B</generatorID>
<ownerDesignName>wc_logical</ownerDesignName>
<engineerTo>
<item key="6186B628-56B4-B9C9-90AB-3CE1CA4454F9" value="true"/>
</engineerTo>
<referedAttribute>281BDC68-8910-8B88-6ADA-70D280B4019D</referedAttribute>
<useDomainConstraints>false</useDomainConstraints>
<use>1</use>
<logicalDatatype>LOGDT025</logicalDatatype>
<dataTypeSize>5</dataTypeSize>
<ownDataTypeParameters>5,,</ownDataTypeParameters>
</Attribute>
<Attribute name="port_temp_average_high" id="74FAD72C-D72E-1841-8ACE-6F6C6C83BD75">
<createdBy>wongk</createdBy>
<createdTime>2022-04-27 17:48:22 UTC</createdTime>
<commentInRDBMS><![CDATA[the average high temperature of the port]]></commentInRDBMS>
<ownerDesignName>wc_logical</ownerDesignName>
<engineerTo>
<item key="6186B628-56B4-B9C9-90AB-3CE1CA4454F9" value="true"/>
</engineerTo>
<useDomainConstraints>false</useDomainConstraints>
<use>1</use>
<logicalDatatype>LOGDT019</logicalDatatype>
<dataTypePrecision>2</dataTypePrecision>
<ownDataTypeParameters>,2,</ownDataTypeParameters>
</Attribute>
<Attribute name="port_temp_average_low" id="67448F97-2FC6-EBA4-937D-1FC3F2F63F77">
<createdBy>wongk</createdBy>
<createdTime>2022-04-27 17:49:01 UTC</createdTime>
<commentInRDBMS><![CDATA[the average low  temperature of the port]]></commentInRDBMS>
<ownerDesignName>wc_logical</ownerDesignName>
<engineerTo>
<item key="6186B628-56B4-B9C9-90AB-3CE1CA4454F9" value="true"/>
</engineerTo>
<useDomainConstraints>false</useDomainConstraints>
<use>1</use>
<logicalDatatype>LOGDT019</logicalDatatype>
<dataTypePrecision>2</dataTypePrecision>
<ownDataTypeParameters>,2,</ownDataTypeParameters>
</Attribute>
</attributes>
<identifiers itemClass="oracle.dbtools.crest.model.design.logical.CandidateKey">
<identifier id="FFAF0070-F70D-E976-FB8A-652743EFD092" name="PORT_TEMP PK">
<createdBy>wongk</createdBy>
<createdTime>2022-04-27 17:47:35 UTC</createdTime>
<ownerDesignName>wc_logical</ownerDesignName>
<engineerTo>
<item key="6186B628-56B4-B9C9-90AB-3CE1CA4454F9" value="true"/>
</engineerTo>
<pk>true</pk>
<usedAttributes>
<attributeRef>E95126BF-E9D5-B567-319A-16F9C8D040A1</attributeRef>
<attributeRef>E84A45AC-7495-CA65-E83C-78760D757033</attributeRef>
</usedAttributes>
</identifier>
</identifiers>
</Entity>
