<?xml version = '1.0' encoding = 'UTF-8'?>
<Entity class="oracle.dbtools.crest.model.design.logical.Entity" directorySegmentName="seg_0" id="7AFEFA77-51D4-5A79-E997-4D07CB4813A6" name="PASSENGER">
<createdBy>Mark</createdBy>
<createdTime>2022-04-27 11:56:13 UTC</createdTime>
<ownerDesignName>wc_logical</ownerDesignName>
<engineerTo>
<item key="6186B628-56B4-B9C9-90AB-3CE1CA4454F9" value="true"/>
</engineerTo>
<adequatelyNormalized>NO</adequatelyNormalized>
<expectedVolumes>0</expectedVolumes>
<fwdEngineeringStrategyName>Single Table</fwdEngineeringStrategyName>
<growthPercent>0</growthPercent>
<growthType>Year</growthType>
<maxVolumes>9999999</maxVolumes>
<minVolumes>0</minVolumes>
<normalForm>Third</normalForm>
<attributes itemClass="oracle.dbtools.crest.model.design.logical.Attribute">
<Attribute name="passenger_id" id="4BC61BEE-E6B8-5D62-3793-EAC0356BE94A">
<createdBy>Mark</createdBy>
<createdTime>2022-04-27 11:56:38 UTC</createdTime>
<commentInRDBMS><![CDATA[passenger id]]></commentInRDBMS>
<ownerDesignName>wc_logical</ownerDesignName>
<engineerTo>
<item key="6186B628-56B4-B9C9-90AB-3CE1CA4454F9" value="true"/>
</engineerTo>
<useDomainConstraints>false</useDomainConstraints>
<use>1</use>
<logicalDatatype>LOGDT019</logicalDatatype>
<dataTypePrecision>7</dataTypePrecision>
<ownDataTypeParameters>,7,</ownDataTypeParameters>
</Attribute>
<Attribute name="address_id" id="0EAB55C7-E6D0-B864-8A24-1127C7A99589">
<createdBy>Mark</createdBy>
<createdTime>2022-04-27 14:22:47 UTC</createdTime>
<commentInRDBMS><![CDATA[surrogate key for address table]]></commentInRDBMS>
<generatorID>C3CAB01F-9C51-1A3D-2E31-6C95698DA0C6</generatorID>
<ownerDesignName>wc_logical</ownerDesignName>
<engineerTo>
<item key="6186B628-56B4-B9C9-90AB-3CE1CA4454F9" value="true"/>
</engineerTo>
<referedAttribute>C042C3C6-8BA7-861B-0DAF-621B47DCA715</referedAttribute>
<useDomainConstraints>false</useDomainConstraints>
<use>1</use>
<logicalDatatype>LOGDT019</logicalDatatype>
<dataTypePrecision>7</dataTypePrecision>
<ownDataTypeParameters>,7,</ownDataTypeParameters>
</Attribute>
<Attribute name="guaridian_id" id="CE3F2D56-FE77-843D-CBE2-66038A4BF6E1">
<createdBy>Mark</createdBy>
<createdTime>2022-04-27 12:14:29 UTC</createdTime>
<commentInRDBMS><![CDATA[passenger id]]></commentInRDBMS>
<generatorID>401EF52B-0E3F-3BD1-0BF3-80CA14E2DB3E</generatorID>
<ownerDesignName>wc_logical</ownerDesignName>
<engineerTo>
<item key="6186B628-56B4-B9C9-90AB-3CE1CA4454F9" value="true"/>
</engineerTo>
<nullsAllowed>true</nullsAllowed>
<referedAttribute>4BC61BEE-E6B8-5D62-3793-EAC0356BE94A</referedAttribute>
<useDomainConstraints>false</useDomainConstraints>
<use>1</use>
<logicalDatatype>LOGDT019</logicalDatatype>
<dataTypePrecision>7</dataTypePrecision>
<ownDataTypeParameters>,7,</ownDataTypeParameters>
</Attribute>
<Attribute name="passenger_spoken_language" id="4C735FF1-7B44-AD49-4523-E0D2B9305565">
<createdBy>Mark</createdBy>
<createdTime>2022-04-27 18:34:45 UTC</createdTime>
<commentInRDBMS><![CDATA[language code following ISO 639-1 Alpha-2 codes]]></commentInRDBMS>
<generatorID>F5A7D322-56F8-904E-930C-B080DCFC32D5</generatorID>
<ownerDesignName>wc_logical</ownerDesignName>
<engineerTo>
<item key="6186B628-56B4-B9C9-90AB-3CE1CA4454F9" value="true"/>
</engineerTo>
<referedAttribute>45601F3F-8EB8-11CE-2978-ADB5761425D9</referedAttribute>
<useDomainConstraints>false</useDomainConstraints>
<use>1</use>
<logicalDatatype>LOGDT025</logicalDatatype>
<dataTypeSize>2</dataTypeSize>
<ownDataTypeParameters>2,,</ownDataTypeParameters>
</Attribute>
<Attribute name="passenger_fname" id="66A04DD0-5021-D212-7F4B-3A143796B484">
<createdBy>Mark</createdBy>
<createdTime>2022-04-27 11:57:51 UTC</createdTime>
<commentInRDBMS><![CDATA[passenger first name]]></commentInRDBMS>
<ownerDesignName>wc_logical</ownerDesignName>
<engineerTo>
<item key="6186B628-56B4-B9C9-90AB-3CE1CA4454F9" value="true"/>
</engineerTo>
<useDomainConstraints>false</useDomainConstraints>
<use>1</use>
<logicalDatatype>LOGDT024</logicalDatatype>
<dataTypeSize>20</dataTypeSize>
<ownDataTypeParameters>20,,</ownDataTypeParameters>
</Attribute>
<Attribute name="passenger_lname" id="BB7337BD-97AE-FDBD-3151-31E627968796">
<createdBy>Mark</createdBy>
<createdTime>2022-04-27 11:58:14 UTC</createdTime>
<commentInRDBMS><![CDATA[passenger last name]]></commentInRDBMS>
<ownerDesignName>wc_logical</ownerDesignName>
<engineerTo>
<item key="6186B628-56B4-B9C9-90AB-3CE1CA4454F9" value="true"/>
</engineerTo>
<useDomainConstraints>false</useDomainConstraints>
<use>1</use>
<logicalDatatype>LOGDT024</logicalDatatype>
<dataTypeSize>20</dataTypeSize>
<ownDataTypeParameters>20,,</ownDataTypeParameters>
</Attribute>
<Attribute name="passenger_gender" id="72512F9B-427F-C514-F063-B77FD7609108">
<createdBy>Mark</createdBy>
<createdTime>2022-04-27 11:58:50 UTC</createdTime>
<commentInRDBMS><![CDATA[passenger gender (M=Male, F=Female)]]></commentInRDBMS>
<ownerDesignName>wc_logical</ownerDesignName>
<engineerTo>
<item key="6186B628-56B4-B9C9-90AB-3CE1CA4454F9" value="true"/>
</engineerTo>
<useDomainConstraints>false</useDomainConstraints>
<use>1</use>
<logicalDatatype>LOGDT025</logicalDatatype>
<dataTypeSize>1</dataTypeSize>
<listOfValues>
<valueDef value="F" description="female"/>
<valueDef value="M" description="male"/>
</listOfValues>
<ownDataTypeParameters>1,,</ownDataTypeParameters>
</Attribute>
<Attribute name="passenger_dob" id="FF16257E-3B54-5D4E-505B-1E9E1A1DBF85">
<createdBy>Mark</createdBy>
<createdTime>2022-04-27 11:59:42 UTC</createdTime>
<commentInRDBMS><![CDATA[passenger date of birth]]></commentInRDBMS>
<ownerDesignName>wc_logical</ownerDesignName>
<engineerTo>
<item key="6186B628-56B4-B9C9-90AB-3CE1CA4454F9" value="true"/>
</engineerTo>
<useDomainConstraints>false</useDomainConstraints>
<use>1</use>
<logicalDatatype>LOGDT007</logicalDatatype>
<ownDataTypeParameters>,,</ownDataTypeParameters>
</Attribute>
<Attribute name="passenger_phone_no" id="AEF9B0E9-3361-152A-B15D-75D715FC7799">
<createdBy>Mark</createdBy>
<createdTime>2022-04-27 14:59:34 UTC</createdTime>
<commentInRDBMS><![CDATA[passenger's phone number]]></commentInRDBMS>
<ownerDesignName>wc_logical</ownerDesignName>
<engineerTo>
<item key="6186B628-56B4-B9C9-90AB-3CE1CA4454F9" value="true"/>
</engineerTo>
<nullsAllowed>true</nullsAllowed>
<useDomainConstraints>false</useDomainConstraints>
<use>1</use>
<logicalDatatype>LOGDT024</logicalDatatype>
<dataTypeSize>20</dataTypeSize>
<ownDataTypeParameters>20,,</ownDataTypeParameters>
</Attribute>
</attributes>
<identifiers itemClass="oracle.dbtools.crest.model.design.logical.CandidateKey">
<identifier id="481F85A7-77BE-5372-6369-A75F45F209E4" name="PASSENGER PK">
<createdBy>Mark</createdBy>
<createdTime>2022-04-27 11:59:38 UTC</createdTime>
<ownerDesignName>wc_logical</ownerDesignName>
<engineerTo>
<item key="6186B628-56B4-B9C9-90AB-3CE1CA4454F9" value="true"/>
</engineerTo>
<pk>true</pk>
<usedAttributes>
<attributeRef>4BC61BEE-E6B8-5D62-3793-EAC0356BE94A</attributeRef>
</usedAttributes>
</identifier>
</identifiers>
</Entity>
