<?xml version = '1.0' encoding = 'UTF-8'?>
<Entity class="oracle.dbtools.crest.model.design.logical.Entity" directorySegmentName="seg_0" id="A1795B95-11D7-D942-34DC-E9ADEB713D72" name="TOUR">
<createdBy>wongk</createdBy>
<createdTime>2022-04-27 17:55:59 UTC</createdTime>
<ownerDesignName>wc_logical</ownerDesignName>
<engineerTo>
<item key="6186B628-56B4-B9C9-90AB-3CE1CA4454F9" value="true"/>
</engineerTo>
<adequatelyNormalized>NO</adequatelyNormalized>
<expectedVolumes>0</expectedVolumes>
<fwdEngineeringStrategyName>Single Table</fwdEngineeringStrategyName>
<growthPercent>0</growthPercent>
<growthType>Year</growthType>
<maxVolumes>9999999</maxVolumes>
<minVolumes>0</minVolumes>
<normalForm>Third</normalForm>
<attributes itemClass="oracle.dbtools.crest.model.design.logical.Attribute">
<Attribute name="tour_id" id="6DBA7765-73CA-D182-DD38-76AD9287D479">
<createdBy>wongk</createdBy>
<createdTime>2022-04-28 04:14:23 UTC</createdTime>
<commentInRDBMS><![CDATA[the tour's id]]></commentInRDBMS>
<ownerDesignName>wc_logical</ownerDesignName>
<engineerTo>
<item key="6186B628-56B4-B9C9-90AB-3CE1CA4454F9" value="true"/>
</engineerTo>
<useDomainConstraints>false</useDomainConstraints>
<use>1</use>
<logicalDatatype>LOGDT019</logicalDatatype>
<dataTypePrecision>7</dataTypePrecision>
<ownDataTypeParameters>,7,</ownDataTypeParameters>
</Attribute>
<Attribute name="port_code" id="9AAAC175-88EF-0AD9-C4BC-E9541C0318A5">
<createdBy>wongk</createdBy>
<createdTime>2022-04-27 18:09:20 UTC</createdTime>
<commentInRDBMS><![CDATA[the port's code]]></commentInRDBMS>
<generatorID>1B2FF1D4-5BFE-A2D4-B99D-DA1DCB135764</generatorID>
<ownerDesignName>wc_logical</ownerDesignName>
<engineerTo>
<item key="6186B628-56B4-B9C9-90AB-3CE1CA4454F9" value="true"/>
</engineerTo>
<referedAttribute>281BDC68-8910-8B88-6ADA-70D280B4019D</referedAttribute>
<useDomainConstraints>false</useDomainConstraints>
<use>1</use>
<logicalDatatype>LOGDT025</logicalDatatype>
<dataTypeSize>5</dataTypeSize>
<ownDataTypeParameters>,,</ownDataTypeParameters>
</Attribute>
<Attribute name="tour_number" id="90264D52-E84B-C4DE-595C-FA14D399F6D3">
<createdBy>wongk</createdBy>
<createdTime>2022-04-27 17:57:07 UTC</createdTime>
<commentInRDBMS><![CDATA[the tour's number]]></commentInRDBMS>
<ownerDesignName>wc_logical</ownerDesignName>
<engineerTo>
<item key="6186B628-56B4-B9C9-90AB-3CE1CA4454F9" value="true"/>
</engineerTo>
<useDomainConstraints>false</useDomainConstraints>
<use>1</use>
<logicalDatatype>LOGDT019</logicalDatatype>
<dataTypePrecision>2</dataTypePrecision>
<ownDataTypeParameters>,2,</ownDataTypeParameters>
</Attribute>
<Attribute name="tour_datetime" id="611459FD-EB92-EDD1-6C82-8C0612E7DAE2">
<createdBy>wongk</createdBy>
<createdTime>2022-04-27 17:58:09 UTC</createdTime>
<commentInRDBMS><![CDATA[the tour's date and time]]></commentInRDBMS>
<ownerDesignName>wc_logical</ownerDesignName>
<engineerTo>
<item key="6186B628-56B4-B9C9-90AB-3CE1CA4454F9" value="true"/>
</engineerTo>
<useDomainConstraints>false</useDomainConstraints>
<use>1</use>
<logicalDatatype>LOGDT007</logicalDatatype>
<ownDataTypeParameters>,,</ownDataTypeParameters>
</Attribute>
<Attribute name="tour_name" id="1FD9DB78-749B-A9F9-2B21-9CAB684F9ABE">
<createdBy>wongk</createdBy>
<createdTime>2022-04-27 17:58:40 UTC</createdTime>
<commentInRDBMS><![CDATA[the tour's name]]></commentInRDBMS>
<ownerDesignName>wc_logical</ownerDesignName>
<engineerTo>
<item key="6186B628-56B4-B9C9-90AB-3CE1CA4454F9" value="true"/>
</engineerTo>
<useDomainConstraints>false</useDomainConstraints>
<use>1</use>
<logicalDatatype>LOGDT024</logicalDatatype>
<dataTypeSize>20</dataTypeSize>
<ownDataTypeParameters>20,,</ownDataTypeParameters>
</Attribute>
<Attribute name="tour_description" id="395C8D83-E5EC-F786-0D67-9F14F52F5D5E">
<createdBy>wongk</createdBy>
<createdTime>2022-04-27 17:59:19 UTC</createdTime>
<commentInRDBMS><![CDATA[the tour's description]]></commentInRDBMS>
<ownerDesignName>wc_logical</ownerDesignName>
<engineerTo>
<item key="6186B628-56B4-B9C9-90AB-3CE1CA4454F9" value="true"/>
</engineerTo>
<useDomainConstraints>false</useDomainConstraints>
<use>1</use>
<logicalDatatype>LOGDT024</logicalDatatype>
<dataTypeSize>80</dataTypeSize>
<ownDataTypeParameters>80,,</ownDataTypeParameters>
</Attribute>
<Attribute name="tour_hours_required" id="727DD45B-77D3-5570-3E77-13544A2DBCB3">
<createdBy>wongk</createdBy>
<createdTime>2022-04-27 18:00:09 UTC</createdTime>
<commentInRDBMS><![CDATA[the number of hours of the tour]]></commentInRDBMS>
<ownerDesignName>wc_logical</ownerDesignName>
<engineerTo>
<item key="6186B628-56B4-B9C9-90AB-3CE1CA4454F9" value="true"/>
</engineerTo>
<useDomainConstraints>false</useDomainConstraints>
<use>1</use>
<logicalDatatype>LOGDT019</logicalDatatype>
<dataTypePrecision>2</dataTypePrecision>
<ownDataTypeParameters>,2,</ownDataTypeParameters>
</Attribute>
<Attribute name="tour_cost_per_person" id="58C957BD-78F5-17BD-4219-C3ED025118D2">
<createdBy>wongk</createdBy>
<createdTime>2022-04-27 18:01:01 UTC</createdTime>
<commentInRDBMS><![CDATA[the cost of the tour]]></commentInRDBMS>
<ownerDesignName>wc_logical</ownerDesignName>
<engineerTo>
<item key="6186B628-56B4-B9C9-90AB-3CE1CA4454F9" value="true"/>
</engineerTo>
<useDomainConstraints>false</useDomainConstraints>
<use>1</use>
<logicalDatatype>LOGDT019</logicalDatatype>
<dataTypePrecision>6</dataTypePrecision>
<dataTypeScale>2</dataTypeScale>
<ownDataTypeParameters>,6,2</ownDataTypeParameters>
</Attribute>
<Attribute name="tour_wheel_chair_access" id="2C935291-5D96-410C-90D5-74D865C9C5F6">
<createdBy>wongk</createdBy>
<createdTime>2022-04-27 18:05:48 UTC</createdTime>
<commentInRDBMS><![CDATA[tour has wheel chair access or not (Y=yes, N=no)]]></commentInRDBMS>
<ownerDesignName>wc_logical</ownerDesignName>
<engineerTo>
<item key="6186B628-56B4-B9C9-90AB-3CE1CA4454F9" value="true"/>
</engineerTo>
<constraintName>chk_tour_wheel_chair_access</constraintName>
<useDomainConstraints>false</useDomainConstraints>
<use>1</use>
<logicalDatatype>LOGDT025</logicalDatatype>
<dataTypeSize>1</dataTypeSize>
<listOfValues>
<valueDef value="N" description="No"/>
<valueDef value="Y" description="Yes"/>
</listOfValues>
<ownDataTypeParameters>1,,</ownDataTypeParameters>
</Attribute>
<Attribute name="tour_availability" id="2B75F2F7-656B-E60F-E794-9595C54F151B">
<createdBy>wongk</createdBy>
<createdTime>2022-04-27 18:07:31 UTC</createdTime>
<commentInRDBMS><![CDATA[the tour's  availability ]]></commentInRDBMS>
<ownerDesignName>wc_logical</ownerDesignName>
<engineerTo>
<item key="6186B628-56B4-B9C9-90AB-3CE1CA4454F9" value="true"/>
</engineerTo>
<useDomainConstraints>false</useDomainConstraints>
<use>1</use>
<logicalDatatype>LOGDT024</logicalDatatype>
<dataTypeSize>10</dataTypeSize>
<ownDataTypeParameters>10,,</ownDataTypeParameters>
</Attribute>
</attributes>
<identifiers itemClass="oracle.dbtools.crest.model.design.logical.CandidateKey">
<identifier id="937497A2-C385-9328-C1D5-4EFCA298DC77" name="TOUR_PK">
<createdBy>wongk</createdBy>
<createdTime>2022-04-27 17:58:30 UTC</createdTime>
<ownerDesignName>wc_logical</ownerDesignName>
<engineerTo>
<item key="6186B628-56B4-B9C9-90AB-3CE1CA4454F9" value="true"/>
</engineerTo>
<pk>true</pk>
<newElementsIDs>6DBA7765-73CA-D182-DD38-76AD9287D479</newElementsIDs>
<usedAttributes>
<attributeRef>6DBA7765-73CA-D182-DD38-76AD9287D479</attributeRef>
</usedAttributes>
</identifier>
<identifier id="83D1B9F6-24ED-734D-63D3-7AE7826FB6F2" name="TOUR_NK">
<createdBy>wongk</createdBy>
<createdTime>2022-04-28 04:16:43 UTC</createdTime>
<ownerDesignName>wc_logical</ownerDesignName>
<engineerTo>
<item key="6186B628-56B4-B9C9-90AB-3CE1CA4454F9" value="true"/>
</engineerTo>
<newElementsIDs>9AAAC175-88EF-0AD9-C4BC-E9541C0318A5,90264D52-E84B-C4DE-595C-FA14D399F6D3,611459FD-EB92-EDD1-6C82-8C0612E7DAE2</newElementsIDs>
<usedAttributes>
<attributeRef>9AAAC175-88EF-0AD9-C4BC-E9541C0318A5</attributeRef>
<attributeRef>90264D52-E84B-C4DE-595C-FA14D399F6D3</attributeRef>
<attributeRef>611459FD-EB92-EDD1-6C82-8C0612E7DAE2</attributeRef>
</usedAttributes>
</identifier>
</identifiers>
</Entity>
