<?xml version = '1.0' encoding = 'UTF-8'?>
<Entity class="oracle.dbtools.crest.model.design.logical.Entity" directorySegmentName="seg_0" id="C97D2ED3-464D-9DB0-1702-2189BC91FBE7" name="COUNTRY">
<createdBy>Mark</createdBy>
<createdTime>2022-04-27 13:50:58 UTC</createdTime>
<ownerDesignName>wc_logical</ownerDesignName>
<engineerTo>
<item key="6186B628-56B4-B9C9-90AB-3CE1CA4454F9" value="true"/>
</engineerTo>
<adequatelyNormalized>NO</adequatelyNormalized>
<expectedVolumes>0</expectedVolumes>
<fwdEngineeringStrategyName>Single Table</fwdEngineeringStrategyName>
<growthPercent>0</growthPercent>
<growthType>Year</growthType>
<maxVolumes>9999999</maxVolumes>
<minVolumes>0</minVolumes>
<normalForm>Third</normalForm>
<attributes itemClass="oracle.dbtools.crest.model.design.logical.Attribute">
<Attribute name="country_code" id="B887541C-7DB4-D2FE-18B9-C88ECECF8CDA">
<createdBy>Mark</createdBy>
<createdTime>2022-04-27 13:50:58 UTC</createdTime>
<commentInRDBMS><![CDATA[the country's code following ISO 3166-1 Alpha-2 codes]]></commentInRDBMS>
<ownerDesignName>wc_logical</ownerDesignName>
<engineerTo>
<item key="6186B628-56B4-B9C9-90AB-3CE1CA4454F9" value="true"/>
</engineerTo>
<useDomainConstraints>false</useDomainConstraints>
<use>1</use>
<logicalDatatype>LOGDT025</logicalDatatype>
<dataTypeSize>2</dataTypeSize>
<ownDataTypeParameters>2,,</ownDataTypeParameters>
</Attribute>
<Attribute name="country_name" id="EA26378C-9E6D-6681-AED2-F9B8A288E3FF">
<createdBy>Mark</createdBy>
<createdTime>2022-04-27 13:50:58 UTC</createdTime>
<commentInRDBMS><![CDATA[the country's name]]></commentInRDBMS>
<ownerDesignName>wc_logical</ownerDesignName>
<engineerTo>
<item key="6186B628-56B4-B9C9-90AB-3CE1CA4454F9" value="true"/>
</engineerTo>
<nullsAllowed>true</nullsAllowed>
<useDomainConstraints>false</useDomainConstraints>
<use>1</use>
<logicalDatatype>LOGDT024</logicalDatatype>
<dataTypeSize>20</dataTypeSize>
<ownDataTypeParameters>20,,</ownDataTypeParameters>
</Attribute>
</attributes>
<identifiers itemClass="oracle.dbtools.crest.model.design.logical.CandidateKey">
<identifier id="1E45C239-7393-6B99-BDE2-4267A5B23A8B" name="COUNTRY PK">
<createdBy>Mark</createdBy>
<createdTime>2022-04-27 13:50:58 UTC</createdTime>
<ownerDesignName>wc_logical</ownerDesignName>
<engineerTo>
<item key="6186B628-56B4-B9C9-90AB-3CE1CA4454F9" value="true"/>
</engineerTo>
<pk>true</pk>
<usedAttributes>
<attributeRef>B887541C-7DB4-D2FE-18B9-C88ECECF8CDA</attributeRef>
</usedAttributes>
</identifier>
</identifiers>
</Entity>
