<?xml version = '1.0' encoding = 'UTF-8'?>
<Entity class="oracle.dbtools.crest.model.design.logical.Entity" directorySegmentName="seg_0" id="CEACD0EC-017D-CF65-EF2F-F261C5773F59" name="SHIP">
<createdBy>wongk</createdBy>
<createdTime>2022-04-27 10:31:34 UTC</createdTime>
<ownerDesignName>wc_logical</ownerDesignName>
<engineerTo>
<item key="6186B628-56B4-B9C9-90AB-3CE1CA4454F9" value="true"/>
</engineerTo>
<adequatelyNormalized>NO</adequatelyNormalized>
<expectedVolumes>0</expectedVolumes>
<fwdEngineeringStrategyName>Single Table</fwdEngineeringStrategyName>
<growthPercent>0</growthPercent>
<growthType>Year</growthType>
<maxVolumes>9999999</maxVolumes>
<minVolumes>0</minVolumes>
<normalForm>Third</normalForm>
<attributes itemClass="oracle.dbtools.crest.model.design.logical.Attribute">
<Attribute name="ship_code" id="3F254DCB-08AE-9A1C-C412-750B4450252E">
<createdBy>wongk</createdBy>
<createdTime>2022-04-27 10:31:40 UTC</createdTime>
<commentInRDBMS><![CDATA[the ship's code]]></commentInRDBMS>
<ownerDesignName>wc_logical</ownerDesignName>
<engineerTo>
<item key="6186B628-56B4-B9C9-90AB-3CE1CA4454F9" value="true"/>
</engineerTo>
<useDomainConstraints>false</useDomainConstraints>
<use>1</use>
<logicalDatatype>LOGDT019</logicalDatatype>
<dataTypePrecision>7</dataTypePrecision>
<ownDataTypeParameters>,7,</ownDataTypeParameters>
</Attribute>
<Attribute name="opt_id" id="BE35EAC8-C2EF-29DE-0E05-90C164FDB4C1">
<createdBy>wongk</createdBy>
<createdTime>2022-04-27 10:35:44 UTC</createdTime>
<commentInRDBMS><![CDATA[operator's ID]]></commentInRDBMS>
<generatorID>4D92C9C1-0698-DB7D-E139-A2BFDC888E90</generatorID>
<ownerDesignName>wc_logical</ownerDesignName>
<engineerTo>
<item key="6186B628-56B4-B9C9-90AB-3CE1CA4454F9" value="true"/>
</engineerTo>
<referedAttribute>E13D3987-F382-04B3-6D0C-D2F20C437976</referedAttribute>
<useDomainConstraints>false</useDomainConstraints>
<use>1</use>
<logicalDatatype>LOGDT019</logicalDatatype>
<dataTypePrecision>7</dataTypePrecision>
<ownDataTypeParameters>,,</ownDataTypeParameters>
</Attribute>
<Attribute name="ship_registered_country_code" id="F3D4A500-F75B-DA8F-7E7E-F2CACB3394C2">
<createdBy>Mark</createdBy>
<createdTime>2022-04-27 13:53:45 UTC</createdTime>
<commentInRDBMS><![CDATA[the country's code following ISO 3166-1 Alpha-2 codes]]></commentInRDBMS>
<generatorID>EAAC18EC-8067-81D1-28D7-75B4D8B59624</generatorID>
<ownerDesignName>wc_logical</ownerDesignName>
<engineerTo>
<item key="6186B628-56B4-B9C9-90AB-3CE1CA4454F9" value="true"/>
</engineerTo>
<referedAttribute>B887541C-7DB4-D2FE-18B9-C88ECECF8CDA</referedAttribute>
<useDomainConstraints>false</useDomainConstraints>
<use>1</use>
<logicalDatatype>LOGDT025</logicalDatatype>
<dataTypeSize>2</dataTypeSize>
<ownDataTypeParameters>,,</ownDataTypeParameters>
</Attribute>
<Attribute name="ship_name" id="2D7BC8B6-56A9-1187-C8E2-9CA45C473DA4">
<createdBy>wongk</createdBy>
<createdTime>2022-04-27 10:32:43 UTC</createdTime>
<commentInRDBMS><![CDATA[the ship's name]]></commentInRDBMS>
<ownerDesignName>wc_logical</ownerDesignName>
<engineerTo>
<item key="6186B628-56B4-B9C9-90AB-3CE1CA4454F9" value="true"/>
</engineerTo>
<useDomainConstraints>false</useDomainConstraints>
<use>1</use>
<logicalDatatype>LOGDT024</logicalDatatype>
<dataTypeSize>20</dataTypeSize>
<ownDataTypeParameters>20,,</ownDataTypeParameters>
</Attribute>
<Attribute name="ship_comm_date" id="CB7810FD-659F-0A38-2E27-27A2FBFD0059">
<createdBy>wongk</createdBy>
<createdTime>2022-04-27 10:33:03 UTC</createdTime>
<commentInRDBMS><![CDATA[the ship's commision date]]></commentInRDBMS>
<ownerDesignName>wc_logical</ownerDesignName>
<engineerTo>
<item key="6186B628-56B4-B9C9-90AB-3CE1CA4454F9" value="true"/>
</engineerTo>
<useDomainConstraints>false</useDomainConstraints>
<use>1</use>
<logicalDatatype>LOGDT007</logicalDatatype>
<ownDataTypeParameters>,,</ownDataTypeParameters>
</Attribute>
<Attribute name="ship_tonnage" id="B6920F51-5BDE-E23F-4488-C6707190D54F">
<createdBy>wongk</createdBy>
<createdTime>2022-04-27 10:33:23 UTC</createdTime>
<commentInRDBMS><![CDATA[the ship's tonnage]]></commentInRDBMS>
<ownerDesignName>wc_logical</ownerDesignName>
<engineerTo>
<item key="6186B628-56B4-B9C9-90AB-3CE1CA4454F9" value="true"/>
</engineerTo>
<useDomainConstraints>false</useDomainConstraints>
<use>1</use>
<logicalDatatype>LOGDT019</logicalDatatype>
<dataTypePrecision>6</dataTypePrecision>
<ownDataTypeParameters>,6,</ownDataTypeParameters>
</Attribute>
<Attribute name="ship_max_guest_cap" id="2A46171E-67EC-F472-7F6E-88985791DA9A">
<createdBy>wongk</createdBy>
<createdTime>2022-04-27 10:33:58 UTC</createdTime>
<commentInRDBMS><![CDATA[the ship's maximum guest capacity]]></commentInRDBMS>
<ownerDesignName>wc_logical</ownerDesignName>
<engineerTo>
<item key="6186B628-56B4-B9C9-90AB-3CE1CA4454F9" value="true"/>
</engineerTo>
<useDomainConstraints>false</useDomainConstraints>
<use>1</use>
<logicalDatatype>LOGDT019</logicalDatatype>
<dataTypePrecision>5</dataTypePrecision>
<ownDataTypeParameters>,5,</ownDataTypeParameters>
</Attribute>
</attributes>
<identifiers itemClass="oracle.dbtools.crest.model.design.logical.CandidateKey">
<identifier id="E51C9204-130A-1E5A-0A2B-9A150FE2374E" name="SHIP PK">
<createdBy>wongk</createdBy>
<createdTime>2022-04-27 10:34:33 UTC</createdTime>
<ownerDesignName>wc_logical</ownerDesignName>
<engineerTo>
<item key="6186B628-56B4-B9C9-90AB-3CE1CA4454F9" value="true"/>
</engineerTo>
<pk>true</pk>
<usedAttributes>
<attributeRef>3F254DCB-08AE-9A1C-C412-750B4450252E</attributeRef>
</usedAttributes>
</identifier>
</identifiers>
</Entity>
