<?xml version = '1.0' encoding = 'UTF-8'?>
<Entity class="oracle.dbtools.crest.model.design.logical.Entity" directorySegmentName="seg_0" id="F20E592D-E978-8F8F-F673-2E6AFCE1383C" name="OPERATOR">
<createdBy>wongk</createdBy>
<createdTime>2022-04-27 09:32:01 UTC</createdTime>
<ownerDesignName>wc_logical</ownerDesignName>
<engineerTo>
<item key="6186B628-56B4-B9C9-90AB-3CE1CA4454F9" value="true"/>
</engineerTo>
<adequatelyNormalized>NO</adequatelyNormalized>
<expectedVolumes>0</expectedVolumes>
<fwdEngineeringStrategyName>Single Table</fwdEngineeringStrategyName>
<growthPercent>0</growthPercent>
<growthType>Year</growthType>
<maxVolumes>9999999</maxVolumes>
<minVolumes>0</minVolumes>
<normalForm>Third</normalForm>
<attributes itemClass="oracle.dbtools.crest.model.design.logical.Attribute">
<Attribute name="opt_id" id="E13D3987-F382-04B3-6D0C-D2F20C437976">
<createdBy>wongk</createdBy>
<createdTime>2022-04-27 09:32:07 UTC</createdTime>
<commentInRDBMS><![CDATA[operator's ID]]></commentInRDBMS>
<ownerDesignName>wc_logical</ownerDesignName>
<engineerTo>
<item key="6186B628-56B4-B9C9-90AB-3CE1CA4454F9" value="true"/>
</engineerTo>
<useDomainConstraints>false</useDomainConstraints>
<use>1</use>
<logicalDatatype>LOGDT019</logicalDatatype>
<dataTypePrecision>7</dataTypePrecision>
<ownDataTypeParameters>,7,</ownDataTypeParameters>
</Attribute>
<Attribute name="opt_company_name" id="74F3DB26-C0B9-1BF8-615F-36F3EF4489AA">
<createdBy>wongk</createdBy>
<createdTime>2022-04-27 09:32:22 UTC</createdTime>
<commentInRDBMS><![CDATA[operator's company name]]></commentInRDBMS>
<ownerDesignName>wc_logical</ownerDesignName>
<engineerTo>
<item key="6186B628-56B4-B9C9-90AB-3CE1CA4454F9" value="true"/>
</engineerTo>
<useDomainConstraints>false</useDomainConstraints>
<use>1</use>
<logicalDatatype>LOGDT024</logicalDatatype>
<dataTypeSize>20</dataTypeSize>
<ownDataTypeParameters>20,,</ownDataTypeParameters>
</Attribute>
<Attribute name="opt_ceo_name" id="4D6E66B2-E2C4-1D30-263D-590262AB180B">
<createdBy>wongk</createdBy>
<createdTime>2022-04-27 09:38:21 UTC</createdTime>
<commentInRDBMS><![CDATA[operator's ceo name]]></commentInRDBMS>
<ownerDesignName>wc_logical</ownerDesignName>
<engineerTo>
<item key="6186B628-56B4-B9C9-90AB-3CE1CA4454F9" value="true"/>
</engineerTo>
<useDomainConstraints>false</useDomainConstraints>
<use>1</use>
<logicalDatatype>LOGDT024</logicalDatatype>
<dataTypeSize>20</dataTypeSize>
<ownDataTypeParameters>20,,</ownDataTypeParameters>
</Attribute>
</attributes>
<identifiers itemClass="oracle.dbtools.crest.model.design.logical.CandidateKey">
<identifier id="48C977CA-9ED6-7779-6A79-9BA6377820FB" name="OPERATOR PK">
<createdBy>wongk</createdBy>
<createdTime>2022-04-27 09:32:20 UTC</createdTime>
<ownerDesignName>wc_logical</ownerDesignName>
<engineerTo>
<item key="6186B628-56B4-B9C9-90AB-3CE1CA4454F9" value="true"/>
</engineerTo>
<pk>true</pk>
<usedAttributes>
<attributeRef>E13D3987-F382-04B3-6D0C-D2F20C437976</attributeRef>
</usedAttributes>
</identifier>
</identifiers>
</Entity>
