<?xml version = '1.0' encoding = 'UTF-8'?>
<Entity class="oracle.dbtools.crest.model.design.logical.Entity" directorySegmentName="seg_0" id="F90E7CD4-50DC-4405-8B26-C4159D662374" name="CRUISE">
<createdBy>wongk</createdBy>
<createdTime>2022-04-27 10:46:34 UTC</createdTime>
<ownerDesignName>wc_logical</ownerDesignName>
<engineerTo>
<item key="6186B628-56B4-B9C9-90AB-3CE1CA4454F9" value="true"/>
</engineerTo>
<adequatelyNormalized>NO</adequatelyNormalized>
<expectedVolumes>0</expectedVolumes>
<fwdEngineeringStrategyName>Single Table</fwdEngineeringStrategyName>
<growthPercent>0</growthPercent>
<growthType>Year</growthType>
<maxVolumes>9999999</maxVolumes>
<minVolumes>0</minVolumes>
<normalForm>Third</normalForm>
<attributes itemClass="oracle.dbtools.crest.model.design.logical.Attribute">
<Attribute name="cruise_id" id="06A44BC0-9BFB-AC6E-9391-AD37AC6AF7C5">
<createdBy>wongk</createdBy>
<createdTime>2022-04-27 10:46:46 UTC</createdTime>
<commentInRDBMS><![CDATA[the cruise's ID]]></commentInRDBMS>
<ownerDesignName>wc_logical</ownerDesignName>
<engineerTo>
<item key="6186B628-56B4-B9C9-90AB-3CE1CA4454F9" value="true"/>
</engineerTo>
<useDomainConstraints>false</useDomainConstraints>
<use>1</use>
<logicalDatatype>LOGDT019</logicalDatatype>
<dataTypePrecision>7</dataTypePrecision>
<ownDataTypeParameters>,7,</ownDataTypeParameters>
</Attribute>
<Attribute name="ship_code" id="67C64C77-B066-B782-2BFC-088B367B9DC9">
<createdBy>wongk</createdBy>
<createdTime>2022-04-27 10:55:52 UTC</createdTime>
<commentInRDBMS><![CDATA[the ship's code]]></commentInRDBMS>
<generatorID>76E69669-3E4C-1862-BCCB-2A317137C3BE</generatorID>
<ownerDesignName>wc_logical</ownerDesignName>
<engineerTo>
<item key="6186B628-56B4-B9C9-90AB-3CE1CA4454F9" value="true"/>
</engineerTo>
<referedAttribute>3F254DCB-08AE-9A1C-C412-750B4450252E</referedAttribute>
<useDomainConstraints>false</useDomainConstraints>
<use>1</use>
<logicalDatatype>LOGDT019</logicalDatatype>
<dataTypePrecision>3</dataTypePrecision>
<ownDataTypeParameters>,3,</ownDataTypeParameters>
</Attribute>
<Attribute name="cruise_name" id="BECA8199-7EF2-62A0-D2CA-4B0F4EE12087">
<createdBy>wongk</createdBy>
<createdTime>2022-04-27 10:47:37 UTC</createdTime>
<commentInRDBMS><![CDATA[the cruise's name]]></commentInRDBMS>
<ownerDesignName>wc_logical</ownerDesignName>
<engineerTo>
<item key="6186B628-56B4-B9C9-90AB-3CE1CA4454F9" value="true"/>
</engineerTo>
<useDomainConstraints>false</useDomainConstraints>
<use>1</use>
<logicalDatatype>LOGDT024</logicalDatatype>
<dataTypeSize>20</dataTypeSize>
<ownDataTypeParameters>20,,</ownDataTypeParameters>
</Attribute>
<Attribute name="cruise_desc" id="2ED88197-8375-6B83-A31D-35319BEF6222">
<createdBy>wongk</createdBy>
<createdTime>2022-04-27 10:48:03 UTC</createdTime>
<commentInRDBMS><![CDATA[the cruise's description]]></commentInRDBMS>
<ownerDesignName>wc_logical</ownerDesignName>
<engineerTo>
<item key="6186B628-56B4-B9C9-90AB-3CE1CA4454F9" value="true"/>
</engineerTo>
<useDomainConstraints>false</useDomainConstraints>
<use>1</use>
<logicalDatatype>LOGDT024</logicalDatatype>
<dataTypeSize>80</dataTypeSize>
<ownDataTypeParameters>80,,</ownDataTypeParameters>
</Attribute>
</attributes>
<identifiers itemClass="oracle.dbtools.crest.model.design.logical.CandidateKey">
<identifier id="892B24DC-E21E-D9E1-1CCB-DB097F0FAD6E" name="CRUISE PK">
<createdBy>wongk</createdBy>
<createdTime>2022-04-27 10:47:34 UTC</createdTime>
<ownerDesignName>wc_logical</ownerDesignName>
<engineerTo>
<item key="6186B628-56B4-B9C9-90AB-3CE1CA4454F9" value="true"/>
</engineerTo>
<pk>true</pk>
<usedAttributes>
<attributeRef>06A44BC0-9BFB-AC6E-9391-AD37AC6AF7C5</attributeRef>
</usedAttributes>
</identifier>
</identifiers>
</Entity>
