<?xml version = '1.0' encoding = 'UTF-8'?>
<Diagram class="oracle.dbtools.crest.swingui.relational.DPVRelational" name="Relational_1" id="1A0BAE27-7C2F-AEDA-0209-2ACE1D64AD34">
<createdBy>Group33</createdBy>
<modifiedBy>Group33</modifiedBy>
<createdTime>2022-04-27 07:35:09 UTC</createdTime>
<autoRoute>false</autoRoute>
<boxInbox>true</boxInbox>
<showLegend>true</showLegend>
<showLabels>false</showLabels>
<showRelAttributes>false</showRelAttributes>
<gridEnabled>false</gridEnabled>
<showGrid>false</showGrid>
<diagramColor>-1</diagramColor>
<display>false</display>
<notation>1</notation>
<objectViews>
<OView class="oracle.dbtools.crest.swingui.relational.TVTable" oid="231A3B4F-1D97-2EBF-FDA6-42941372EE30" otype="Table" vid="8D6FBEEC-DA4E-5166-1F28-BDBD41C4DE1C">
<hideElementsInCurrentOnly>false</hideElementsInCurrentOnly>
<bounds x="433" y="27" width="215" height="114"/>
</OView>
<OView class="oracle.dbtools.crest.swingui.relational.TVTable" oid="25BA278A-CB45-63C3-79BD-CF361CA9CC7B" otype="Table" vid="1F1B2131-2377-B4D7-D3CA-28778FB5310A">
<hideElementsInCurrentOnly>false</hideElementsInCurrentOnly>
<bounds x="553" y="547" width="219" height="168"/>
</OView>
<OView class="oracle.dbtools.crest.swingui.relational.TVTable" oid="2BD94799-580B-9E6C-F968-EEECDD7D2902" otype="Table" vid="DAFD8E2D-1998-561E-CA13-3CF71A6213B5">
<hideElementsInCurrentOnly>false</hideElementsInCurrentOnly>
<bounds x="560" y="184" width="187" height="123"/>
</OView>
<OView class="oracle.dbtools.crest.swingui.relational.TVTable" oid="39289B81-7416-B035-B479-39E000AF31A8" otype="Table" vid="FF9EA08C-A477-67DC-3B64-D7036840C3B9">
<hideElementsInCurrentOnly>false</hideElementsInCurrentOnly>
<bounds x="157" y="380" width="227" height="89"/>
</OView>
<OView class="oracle.dbtools.crest.swingui.relational.TVTable" oid="4910BFE4-25E1-2876-5CCF-594653D398CA" otype="Table" vid="52AAE7B2-B523-2146-D0C9-4300F8F5F930">
<hideElementsInCurrentOnly>false</hideElementsInCurrentOnly>
<bounds x="156" y="505" width="201" height="110"/>
</OView>
<OView class="oracle.dbtools.crest.swingui.relational.TVTable" oid="4AD71089-55C4-3A58-4FF3-AEEE76D00EBB" otype="Table" vid="F9A192C4-06E4-1D30-7009-C2BBC16E69E9">
<hideElementsInCurrentOnly>false</hideElementsInCurrentOnly>
<bounds x="1084" y="35" width="293" height="139"/>
</OView>
<OView class="oracle.dbtools.crest.swingui.relational.TVTable" oid="4C49E2F5-A2BE-DD3F-01B6-007819B1F177" otype="Table" vid="D70FCEEA-0A97-9CF8-9CBD-73D9B933A49A">
<hideElementsInCurrentOnly>false</hideElementsInCurrentOnly>
<bounds x="548" y="808" width="244" height="224"/>
</OView>
<OView class="oracle.dbtools.crest.swingui.relational.TVTable" oid="559071CB-CBA5-9A83-9AEC-8E838CA025D9" otype="Table" vid="53F4B23B-6E4D-DD87-817B-37BD7B77AF6D">
<hideElementsInCurrentOnly>false</hideElementsInCurrentOnly>
<bounds x="1303" y="569" width="222" height="116"/>
</OView>
<OView class="oracle.dbtools.crest.swingui.relational.TVTable" oid="5BAADF1A-867D-1EF0-EEBA-ABC2F2EA3A71" otype="Table" vid="A4FD6C22-2F36-D406-B1DE-05F336C58B48">
<hideElementsInCurrentOnly>false</hideElementsInCurrentOnly>
<bounds x="809" y="413" width="213" height="151"/>
</OView>
<OView class="oracle.dbtools.crest.swingui.relational.TVTable" oid="753DC579-B440-A24F-04C4-12F021EA9EDD" otype="Table" vid="A24982F1-0369-FDCF-2DB3-398AB6BD499D">
<hideElementsInCurrentOnly>false</hideElementsInCurrentOnly>
<bounds x="1102" y="835" width="218" height="128"/>
</OView>
<OView class="oracle.dbtools.crest.swingui.relational.TVTable" oid="7E3C86AA-9619-3114-1085-FB58D5CB91CC" otype="Table" vid="ACEA8CAD-2C09-1975-62BC-DA8C1B29FDAF">
<hideElementsInCurrentOnly>false</hideElementsInCurrentOnly>
<bounds x="497" y="369" width="247" height="134"/>
</OView>
<OView class="oracle.dbtools.crest.swingui.relational.TVTable" oid="8ACF079F-D155-1E83-7989-01F658A69104" otype="Table" vid="EB398990-F04D-EFDB-B91D-97884C849C7E">
<hideElementsInCurrentOnly>false</hideElementsInCurrentOnly>
<bounds x="1080" y="270" width="273" height="204"/>
</OView>
<OView class="oracle.dbtools.crest.swingui.relational.TVTable" oid="A493726F-AAA2-E958-F54B-7D4542BC8915" otype="Table" vid="FB62DF27-B2C6-B8EB-9028-27A9F1A5014F">
<hideElementsInCurrentOnly>false</hideElementsInCurrentOnly>
<bounds x="175" y="790" width="239" height="111"/>
</OView>
<OView class="oracle.dbtools.crest.swingui.TVLegend" oid="AC7D526A-29D0-23FE-F882-6C5157FE6157" otype="Legend" vid="0DFD8504-7557-5205-1E8F-1BF6C39BECE1">
<hideElementsInCurrentOnly>false</hideElementsInCurrentOnly>
<bounds x="10" y="10" width="257" height="135"/>
</OView>
<OView class="oracle.dbtools.crest.swingui.relational.TVTable" oid="E1A11903-46DA-BC26-2296-B4B5F51FD6A3" otype="Table" vid="E2E2BE9F-20F5-87E7-7B13-A2B275E1488C">
<hideElementsInCurrentOnly>false</hideElementsInCurrentOnly>
<bounds x="116" y="172" width="268" height="155"/>
</OView>
<OView class="oracle.dbtools.crest.swingui.relational.TVTable" oid="F64E6D4F-4A7C-3447-0A85-4576395E34D1" otype="Table" vid="55A49361-757C-AA48-FCA9-A8ADD6D4557B">
<hideElementsInCurrentOnly>false</hideElementsInCurrentOnly>
<bounds x="851" y="860" width="191" height="120"/>
</OView>
</objectViews>
<connectors>
<Connector class="oracle.dbtools.crest.swingui.relational.TVFKRelation" oid="18D9F74A-F708-83BE-01EC-95F03800FEC1" otype="FKIndexAssociation" vid_source="DAFD8E2D-1998-561E-CA13-3CF71A6213B5" vid_target="A4FD6C22-2F36-D406-B1DE-05F336C58B48">
<hideElementsInCurrentOnly>false</hideElementsInCurrentOnly>
<backgroundColor>-16777216</backgroundColor>
<lineWidth>1</lineWidth>
<points>
<point x="747" y="279"/>
<point x="882" y="279"/>
<point x="882" y="413"/>
</points>
</Connector>
<Connector class="oracle.dbtools.crest.swingui.relational.TVFKRelation" oid="3E399B05-7B7B-3707-50DF-D955C47566C6" otype="FKIndexAssociation" vid_source="DAFD8E2D-1998-561E-CA13-3CF71A6213B5" vid_target="ACEA8CAD-2C09-1975-62BC-DA8C1B29FDAF">
<hideElementsInCurrentOnly>false</hideElementsInCurrentOnly>
<backgroundColor>-16777216</backgroundColor>
<lineWidth>1</lineWidth>
<points>
<point x="667" y="307"/>
<point x="667" y="369"/>
</points>
</Connector>
<Connector class="oracle.dbtools.crest.swingui.relational.TVFKRelation" oid="41B4BCEB-BA6A-36D7-71E6-327C34B6FE1D" otype="FKIndexAssociation" vid_source="8D6FBEEC-DA4E-5166-1F28-BDBD41C4DE1C" vid_target="F9A192C4-06E4-1D30-7009-C2BBC16E69E9">
<hideElementsInCurrentOnly>false</hideElementsInCurrentOnly>
<backgroundColor>-16777216</backgroundColor>
<lineWidth>1</lineWidth>
<points>
<point x="648" y="88"/>
<point x="1084" y="88"/>
</points>
</Connector>
<Connector class="oracle.dbtools.crest.swingui.relational.TVFKRelation" oid="51CCBD9F-5642-599C-3075-90298F8C484B" otype="FKIndexAssociation" vid_source="52AAE7B2-B523-2146-D0C9-4300F8F5F930" vid_target="1F1B2131-2377-B4D7-D3CA-28778FB5310A">
<hideElementsInCurrentOnly>false</hideElementsInCurrentOnly>
<backgroundColor>-16777216</backgroundColor>
<lineWidth>1</lineWidth>
<points>
<point x="357" y="596"/>
<point x="553" y="596"/>
</points>
</Connector>
<Connector class="oracle.dbtools.crest.swingui.relational.TVFKRelation" oid="5F8D35EE-73E0-AD1C-EC5F-04CCD1513F94" otype="FKIndexAssociation" vid_source="E2E2BE9F-20F5-87E7-7B13-A2B275E1488C" vid_target="8D6FBEEC-DA4E-5166-1F28-BDBD41C4DE1C">
<hideElementsInCurrentOnly>false</hideElementsInCurrentOnly>
<backgroundColor>-16777216</backgroundColor>
<lineWidth>1</lineWidth>
<points>
<point x="340" y="172"/>
<point x="340" y="97"/>
<point x="433" y="97"/>
</points>
</Connector>
<Connector class="oracle.dbtools.crest.swingui.relational.TVFKRelation" oid="63A3B489-8BA0-0D65-2046-E481ECA9A921" otype="FKIndexAssociation" vid_source="D70FCEEA-0A97-9CF8-9CBD-73D9B933A49A" vid_target="A4FD6C22-2F36-D406-B1DE-05F336C58B48">
<hideElementsInCurrentOnly>false</hideElementsInCurrentOnly>
<backgroundColor>-16777216</backgroundColor>
<lineWidth>1</lineWidth>
<points>
<point x="792" y="822"/>
<point x="876" y="822"/>
<point x="876" y="564"/>
</points>
</Connector>
<Connector class="oracle.dbtools.crest.swingui.relational.TVFKRelation" oid="662591CE-39C5-7852-66EA-829F0D0A0665" otype="FKIndexAssociation" vid_source="D70FCEEA-0A97-9CF8-9CBD-73D9B933A49A" vid_target="55A49361-757C-AA48-FCA9-A8ADD6D4557B">
<hideElementsInCurrentOnly>false</hideElementsInCurrentOnly>
<backgroundColor>-16777216</backgroundColor>
<lineWidth>1</lineWidth>
<points>
<point x="792" y="920"/>
<point x="851" y="920"/>
</points>
</Connector>
<Connector class="oracle.dbtools.crest.swingui.relational.TVFKRelation" oid="6FAA0446-A95E-0645-A1C6-C68B96365541" otype="FKIndexAssociation" vid_source="EB398990-F04D-EFDB-B91D-97884C849C7E" vid_target="F9A192C4-06E4-1D30-7009-C2BBC16E69E9">
<hideElementsInCurrentOnly>false</hideElementsInCurrentOnly>
<backgroundColor>-16777216</backgroundColor>
<lineWidth>1</lineWidth>
<points>
<point x="1218" y="270"/>
<point x="1218" y="174"/>
</points>
</Connector>
<Connector class="oracle.dbtools.crest.swingui.relational.TVFKRelation" oid="83A74C8B-B499-6991-472F-CC02B78D0F60" otype="FKIndexAssociation" vid_source="52AAE7B2-B523-2146-D0C9-4300F8F5F930" vid_target="E2E2BE9F-20F5-87E7-7B13-A2B275E1488C">
<hideElementsInCurrentOnly>false</hideElementsInCurrentOnly>
<backgroundColor>-16777216</backgroundColor>
<lineWidth>1</lineWidth>
<points>
<point x="156" y="554"/>
<point x="46" y="554"/>
<point x="43" y="225"/>
<point x="116" y="225"/>
</points>
</Connector>
<Connector class="oracle.dbtools.crest.swingui.relational.TVFKRelation" oid="9B9ECA10-3132-E8E0-4BFC-D0A01CB2F962" otype="FKIndexAssociation" vid_source="A24982F1-0369-FDCF-2DB3-398AB6BD499D" vid_target="EB398990-F04D-EFDB-B91D-97884C849C7E">
<hideElementsInCurrentOnly>false</hideElementsInCurrentOnly>
<backgroundColor>-16777216</backgroundColor>
<lineWidth>1</lineWidth>
<points>
<point x="1211" y="835"/>
<point x="1211" y="474"/>
</points>
</Connector>
<Connector class="oracle.dbtools.crest.swingui.relational.TVFKRelation" oid="A2B635DF-DF79-0633-A501-82691D05A3A1" otype="FKIndexAssociation" vid_source="1F1B2131-2377-B4D7-D3CA-28778FB5310A" vid_target="D70FCEEA-0A97-9CF8-9CBD-73D9B933A49A">
<hideElementsInCurrentOnly>false</hideElementsInCurrentOnly>
<backgroundColor>-16777216</backgroundColor>
<lineWidth>1</lineWidth>
<points>
<point x="677" y="715"/>
<point x="677" y="808"/>
</points>
</Connector>
<Connector class="oracle.dbtools.crest.swingui.relational.TVFKRelation" oid="BB662932-8B33-13C6-7CBD-1152C57A794E" otype="FKIndexAssociation" vid_source="EB398990-F04D-EFDB-B91D-97884C849C7E" vid_target="EB398990-F04D-EFDB-B91D-97884C849C7E">
<hideElementsInCurrentOnly>false</hideElementsInCurrentOnly>
<backgroundColor>-16777216</backgroundColor>
<lineWidth>1</lineWidth>
<points>
<point x="1353" y="299"/>
<point x="1379" y="299"/>
<point x="1379" y="457"/>
<point x="1363" y="457"/>
<point x="1353" y="457"/>
</points>
</Connector>
<Connector class="oracle.dbtools.crest.swingui.relational.TVFKRelation" oid="BC130768-47CC-5B37-7953-F999AEAD5749" otype="FKIndexAssociation" vid_source="A24982F1-0369-FDCF-2DB3-398AB6BD499D" vid_target="55A49361-757C-AA48-FCA9-A8ADD6D4557B">
<hideElementsInCurrentOnly>false</hideElementsInCurrentOnly>
<backgroundColor>-16777216</backgroundColor>
<lineWidth>1</lineWidth>
<points>
<point x="1102" y="926"/>
<point x="1042" y="926"/>
</points>
</Connector>
<Connector class="oracle.dbtools.crest.swingui.relational.TVFKRelation" oid="C2F78C26-D6C7-7898-CF89-C9E8EED99DEB" otype="FKIndexAssociation" vid_source="1F1B2131-2377-B4D7-D3CA-28778FB5310A" vid_target="FB62DF27-B2C6-B8EB-9028-27A9F1A5014F">
<hideElementsInCurrentOnly>false</hideElementsInCurrentOnly>
<backgroundColor>-16777216</backgroundColor>
<lineWidth>1</lineWidth>
<points>
<point x="553" y="684"/>
<point x="262" y="684"/>
<point x="262" y="790"/>
</points>
</Connector>
<Connector class="oracle.dbtools.crest.swingui.relational.TVFKRelation" oid="C3D59A2D-EEF7-BD93-0311-5B2E82C7C678" otype="FKIndexAssociation" vid_source="EB398990-F04D-EFDB-B91D-97884C849C7E" vid_target="A4FD6C22-2F36-D406-B1DE-05F336C58B48">
<hideElementsInCurrentOnly>false</hideElementsInCurrentOnly>
<backgroundColor>-16777216</backgroundColor>
<lineWidth>1</lineWidth>
<points>
<point x="1080" y="458"/>
<point x="1022" y="458"/>
</points>
</Connector>
<Connector class="oracle.dbtools.crest.swingui.relational.TVFKRelation" oid="E0E6C513-64E4-E893-DA20-582509CB9CC7" otype="FKIndexAssociation" vid_source="1F1B2131-2377-B4D7-D3CA-28778FB5310A" vid_target="ACEA8CAD-2C09-1975-62BC-DA8C1B29FDAF">
<hideElementsInCurrentOnly>false</hideElementsInCurrentOnly>
<backgroundColor>-16777216</backgroundColor>
<lineWidth>1</lineWidth>
<points>
<point x="663" y="547"/>
<point x="663" y="503"/>
</points>
</Connector>
<Connector class="oracle.dbtools.crest.swingui.relational.TVFKRelation" oid="E230B02B-DD9A-31D3-1D96-4A446CB2308E" otype="FKIndexAssociation" vid_source="DAFD8E2D-1998-561E-CA13-3CF71A6213B5" vid_target="F9A192C4-06E4-1D30-7009-C2BBC16E69E9">
<hideElementsInCurrentOnly>false</hideElementsInCurrentOnly>
<backgroundColor>-16777216</backgroundColor>
<lineWidth>1</lineWidth>
<points>
<point x="747" y="240"/>
<point x="1123" y="240"/>
<point x="1123" y="174"/>
</points>
</Connector>
<Connector class="oracle.dbtools.crest.swingui.relational.TVFKRelation" oid="E789F355-A488-4A26-E9A4-80B0CF77B8B9" otype="FKIndexAssociation" vid_source="53F4B23B-6E4D-DD87-817B-37BD7B77AF6D" vid_target="EB398990-F04D-EFDB-B91D-97884C849C7E">
<hideElementsInCurrentOnly>false</hideElementsInCurrentOnly>
<backgroundColor>-16777216</backgroundColor>
<lineWidth>1</lineWidth>
<points>
<point x="1303" y="637"/>
<point x="1234" y="637"/>
<point x="1234" y="474"/>
</points>
</Connector>
<Connector class="oracle.dbtools.crest.swingui.relational.TVFKRelation" oid="E83EF3AA-501B-7B74-F379-A28CE116D29A" otype="FKIndexAssociation" vid_source="FF9EA08C-A477-67DC-3B64-D7036840C3B9" vid_target="E2E2BE9F-20F5-87E7-7B13-A2B275E1488C">
<hideElementsInCurrentOnly>false</hideElementsInCurrentOnly>
<backgroundColor>-16777216</backgroundColor>
<lineWidth>1</lineWidth>
<points>
<point x="285" y="380"/>
<point x="285" y="327"/>
</points>
</Connector>
<Connector class="oracle.dbtools.crest.swingui.relational.TVFKRelation" oid="E856E17E-F662-0A9C-AF23-92DB2D955C55" otype="FKIndexAssociation" vid_source="E2E2BE9F-20F5-87E7-7B13-A2B275E1488C" vid_target="DAFD8E2D-1998-561E-CA13-3CF71A6213B5">
<hideElementsInCurrentOnly>false</hideElementsInCurrentOnly>
<backgroundColor>-16777216</backgroundColor>
<lineWidth>1</lineWidth>
<points>
<point x="384" y="260"/>
<point x="560" y="260"/>
</points>
</Connector>
</connectors>
</Diagram>
