<?xml version = '1.0' encoding = 'UTF-8'?>
<Table class="oracle.dbtools.crest.model.design.relational.Table" directorySegmentName="seg_0" id="25BA278A-CB45-63C3-79BD-CF361CA9CC7B" name="PORT">
<createdBy>wongk</createdBy>
<createdTime>2022-04-28 04:26:08 UTC</createdTime>
<generatorID>6D1DABDC-9D74-8744-A4C8-93A6C489AB45</generatorID>
<ownerDesignName>wc_logical</ownerDesignName>
<allowColumnReorder>false</allowColumnReorder>
<existDependencyGenerateInDDl>true</existDependencyGenerateInDDl>
<parsed>true</parsed>
<columns itemClass="oracle.dbtools.crest.model.design.relational.Column">
<Column name="port_code" id="ACECA7C7-7A83-DD91-D94F-31783730B35F">
<createdBy>wongk</createdBy>
<createdTime>2022-04-28 04:26:08 UTC</createdTime>
<commentInRDBMS><![CDATA[the port's code]]></commentInRDBMS>
<generatorID>281BDC68-8910-8B88-6ADA-70D280B4019D</generatorID>
<ownerDesignName>wc_logical</ownerDesignName>
<useDomainConstraints>false</useDomainConstraints>
<use>1</use>
<logicalDatatype>LOGDT025</logicalDatatype>
<dataTypeSize>5</dataTypeSize>
<ownDataTypeParameters>5,,</ownDataTypeParameters>
<autoIncrementCycle>false</autoIncrementCycle>
</Column>
<Column name="port_country_code" id="552121A9-70A1-19F2-A380-40C1E7B4C06F">
<createdBy>wongk</createdBy>
<createdTime>2022-04-28 04:26:08 UTC</createdTime>
<commentInRDBMS><![CDATA[the country's code following ISO 3166-1 Alpha-2 codes]]></commentInRDBMS>
<generatorID>EF062446-0641-CE2C-B634-534DAF4A797A</generatorID>
<ownerDesignName>wc_logical</ownerDesignName>
<useDomainConstraints>false</useDomainConstraints>
<use>1</use>
<logicalDatatype>LOGDT025</logicalDatatype>
<dataTypeSize>2</dataTypeSize>
<ownDataTypeParameters>,,</ownDataTypeParameters>
<previousColumn>false</previousColumn>
<autoIncrementCycle>false</autoIncrementCycle>
<associations>
<colAssociation fkAssociation="51CCBD9F-5642-599C-3075-90298F8C484B" referredColumn="62A72DD5-E3E9-2FD9-4BCE-0CCA220C475A"/>
</associations>
</Column>
<Column name="port_name" id="A02964DD-2770-07CA-338D-623F299D291B">
<createdBy>wongk</createdBy>
<createdTime>2022-04-28 04:26:08 UTC</createdTime>
<commentInRDBMS><![CDATA[the port's name]]></commentInRDBMS>
<generatorID>366D446B-E89C-2CAE-323F-F950FF985797</generatorID>
<ownerDesignName>wc_logical</ownerDesignName>
<useDomainConstraints>false</useDomainConstraints>
<use>1</use>
<logicalDatatype>LOGDT024</logicalDatatype>
<dataTypeSize>20</dataTypeSize>
<ownDataTypeParameters>20,,</ownDataTypeParameters>
<autoIncrementCycle>false</autoIncrementCycle>
</Column>
<Column name="port_population" id="31EA90CE-5942-32CC-BCAD-735BCBA8FEB8">
<createdBy>wongk</createdBy>
<createdTime>2022-04-28 04:26:08 UTC</createdTime>
<commentInRDBMS><![CDATA[the port's population]]></commentInRDBMS>
<generatorID>D222A1DF-BB92-8C5F-B2DC-8336CAC9265C</generatorID>
<ownerDesignName>wc_logical</ownerDesignName>
<useDomainConstraints>false</useDomainConstraints>
<use>1</use>
<logicalDatatype>LOGDT019</logicalDatatype>
<dataTypePrecision>5</dataTypePrecision>
<ownDataTypeParameters>,5,</ownDataTypeParameters>
<autoIncrementCycle>false</autoIncrementCycle>
</Column>
<Column name="port_longitude" id="38C3643C-A033-5FBB-18B6-C12B4582DED1">
<createdBy>wongk</createdBy>
<createdTime>2022-04-28 04:26:08 UTC</createdTime>
<commentInRDBMS><![CDATA[the port's longitude]]></commentInRDBMS>
<generatorID>2A75BCDB-A10B-F783-0AAC-356E6754F505</generatorID>
<ownerDesignName>wc_logical</ownerDesignName>
<useDomainConstraints>false</useDomainConstraints>
<use>1</use>
<logicalDatatype>LOGDT019</logicalDatatype>
<dataTypePrecision>10</dataTypePrecision>
<dataTypeScale>7</dataTypeScale>
<ownDataTypeParameters>,10,7</ownDataTypeParameters>
<autoIncrementCycle>false</autoIncrementCycle>
</Column>
<Column name="port_latiittude" id="8DE06ACB-C7B2-1A33-6BE7-A5131BA98BFF">
<createdBy>wongk</createdBy>
<createdTime>2022-04-28 04:26:08 UTC</createdTime>
<commentInRDBMS><![CDATA[the port's latitude]]></commentInRDBMS>
<generatorID>4E6D1B56-EDE0-8181-528A-F02E22F4949C</generatorID>
<ownerDesignName>wc_logical</ownerDesignName>
<useDomainConstraints>false</useDomainConstraints>
<use>1</use>
<logicalDatatype>LOGDT019</logicalDatatype>
<dataTypePrecision>9</dataTypePrecision>
<dataTypeScale>7</dataTypeScale>
<ownDataTypeParameters>,9,7</ownDataTypeParameters>
<autoIncrementCycle>false</autoIncrementCycle>
</Column>
</columns>
<indexes itemClass="oracle.dbtools.crest.model.design.relational.Index">
<ind_PK_UK id="22AEA9BB-16D7-401F-A694-E9C825AE9FBB" name="PORT_PK">
<createdBy>wongk</createdBy>
<createdTime>2022-04-28 04:26:08 UTC</createdTime>
<generatorID>2E19A6EC-5FA2-877D-5868-847287B59EDF</generatorID>
<ownerDesignName>wc_logical</ownerDesignName>
<pk>true</pk>
<indexState>Primary Constraint</indexState>
<isSurrogateKey>false</isSurrogateKey>
<indexColumnUsage>
<colUsage columnID="ACECA7C7-7A83-DD91-D94F-31783730B35F"/>
</indexColumnUsage>
</ind_PK_UK>
<ind_PK_UK id="A7FD5E1E-F8B9-774F-F379-95704F5A22EF" name="COUNTRY_PORT">
<createdBy>wongk</createdBy>
<createdTime>2022-04-28 04:26:08 UTC</createdTime>
<generatorID>76465C13-6988-441A-C55C-A18BE6BA51DD</generatorID>
<ownerDesignName>wc_logical</ownerDesignName>
<indexState>Foreign Key</indexState>
<isSurrogateKey>false</isSurrogateKey>
<indexColumnUsage>
<colUsage columnID="552121A9-70A1-19F2-A380-40C1E7B4C06F"/>
</indexColumnUsage>
</ind_PK_UK>
</indexes>
</Table>
