<?xml version = '1.0' encoding = 'UTF-8'?>
<Table class="oracle.dbtools.crest.model.design.relational.Table" directorySegmentName="seg_0" id="2BD94799-580B-9E6C-F968-EEECDD7D2902" name="CRUISE">
<createdBy>wongk</createdBy>
<createdTime>2022-04-28 04:26:08 UTC</createdTime>
<generatorID>F90E7CD4-50DC-4405-8B26-C4159D662374</generatorID>
<ownerDesignName>wc_logical</ownerDesignName>
<allowColumnReorder>false</allowColumnReorder>
<existDependencyGenerateInDDl>true</existDependencyGenerateInDDl>
<parsed>true</parsed>
<columns itemClass="oracle.dbtools.crest.model.design.relational.Column">
<Column name="cruise_id" id="4C6A19FF-63B6-EA75-6081-232AD9EA09B8">
<createdBy>wongk</createdBy>
<createdTime>2022-04-28 04:26:08 UTC</createdTime>
<commentInRDBMS><![CDATA[the cruise's ID]]></commentInRDBMS>
<generatorID>06A44BC0-9BFB-AC6E-9391-AD37AC6AF7C5</generatorID>
<ownerDesignName>wc_logical</ownerDesignName>
<useDomainConstraints>false</useDomainConstraints>
<use>1</use>
<logicalDatatype>LOGDT019</logicalDatatype>
<dataTypePrecision>7</dataTypePrecision>
<ownDataTypeParameters>,7,</ownDataTypeParameters>
<autoIncrementCycle>false</autoIncrementCycle>
</Column>
<Column name="ship_code" id="5D1D5E10-6646-B833-7266-ED88820091FB">
<createdBy>wongk</createdBy>
<createdTime>2022-04-28 04:26:08 UTC</createdTime>
<commentInRDBMS><![CDATA[the ship's code]]></commentInRDBMS>
<generatorID>67C64C77-B066-B782-2BFC-088B367B9DC9</generatorID>
<ownerDesignName>wc_logical</ownerDesignName>
<useDomainConstraints>false</useDomainConstraints>
<use>1</use>
<logicalDatatype>LOGDT019</logicalDatatype>
<dataTypePrecision>7</dataTypePrecision>
<ownDataTypeParameters>,,</ownDataTypeParameters>
<previousColumn>false</previousColumn>
<autoIncrementCycle>false</autoIncrementCycle>
<associations>
<colAssociation fkAssociation="E856E17E-F662-0A9C-AF23-92DB2D955C55" referredColumn="DCE691E4-4CDB-FDAD-5120-60BC96818321"/>
</associations>
</Column>
<Column name="cruise_name" id="76B92DA3-7B78-F7CE-A56B-76170F6FBF91">
<createdBy>wongk</createdBy>
<createdTime>2022-04-28 04:26:08 UTC</createdTime>
<commentInRDBMS><![CDATA[the cruise's name]]></commentInRDBMS>
<generatorID>BECA8199-7EF2-62A0-D2CA-4B0F4EE12087</generatorID>
<ownerDesignName>wc_logical</ownerDesignName>
<useDomainConstraints>false</useDomainConstraints>
<use>1</use>
<logicalDatatype>LOGDT024</logicalDatatype>
<dataTypeSize>20</dataTypeSize>
<ownDataTypeParameters>20,,</ownDataTypeParameters>
<autoIncrementCycle>false</autoIncrementCycle>
</Column>
<Column name="cruise_desc" id="700B7B6F-9D34-FCC8-008D-F8FA68A30356">
<createdBy>wongk</createdBy>
<createdTime>2022-04-28 04:26:08 UTC</createdTime>
<commentInRDBMS><![CDATA[the cruise's description]]></commentInRDBMS>
<generatorID>2ED88197-8375-6B83-A31D-35319BEF6222</generatorID>
<ownerDesignName>wc_logical</ownerDesignName>
<useDomainConstraints>false</useDomainConstraints>
<use>1</use>
<logicalDatatype>LOGDT024</logicalDatatype>
<dataTypeSize>80</dataTypeSize>
<ownDataTypeParameters>80,,</ownDataTypeParameters>
<autoIncrementCycle>false</autoIncrementCycle>
</Column>
</columns>
<indexes itemClass="oracle.dbtools.crest.model.design.relational.Index">
<ind_PK_UK id="84113ECF-4435-1E77-D41E-D38D4EDE96E5" name="CRUISE_PK">
<createdBy>wongk</createdBy>
<createdTime>2022-04-28 04:26:08 UTC</createdTime>
<generatorID>892B24DC-E21E-D9E1-1CCB-DB097F0FAD6E</generatorID>
<ownerDesignName>wc_logical</ownerDesignName>
<pk>true</pk>
<indexState>Primary Constraint</indexState>
<isSurrogateKey>false</isSurrogateKey>
<indexColumnUsage>
<colUsage columnID="4C6A19FF-63B6-EA75-6081-232AD9EA09B8"/>
</indexColumnUsage>
</ind_PK_UK>
<ind_PK_UK id="A43C34F9-8C9B-4771-2A10-87AC9E798A8C" name="SHIP_CRUISE">
<createdBy>wongk</createdBy>
<createdTime>2022-04-28 04:26:08 UTC</createdTime>
<generatorID>76E69669-3E4C-1862-BCCB-2A317137C3BE</generatorID>
<ownerDesignName>wc_logical</ownerDesignName>
<indexState>Foreign Key</indexState>
<isSurrogateKey>false</isSurrogateKey>
<indexColumnUsage>
<colUsage columnID="5D1D5E10-6646-B833-7266-ED88820091FB"/>
</indexColumnUsage>
</ind_PK_UK>
</indexes>
</Table>
