<?xml version = '1.0' encoding = 'UTF-8'?>
<Table class="oracle.dbtools.crest.model.design.relational.Table" directorySegmentName="seg_0" id="39289B81-7416-B035-B479-39E000AF31A8" name="OPERATOR">
<createdBy>wongk</createdBy>
<createdTime>2022-04-28 04:26:08 UTC</createdTime>
<generatorID>F20E592D-E978-8F8F-F673-2E6AFCE1383C</generatorID>
<ownerDesignName>wc_logical</ownerDesignName>
<allowColumnReorder>false</allowColumnReorder>
<existDependencyGenerateInDDl>true</existDependencyGenerateInDDl>
<parsed>true</parsed>
<columns itemClass="oracle.dbtools.crest.model.design.relational.Column">
<Column name="opt_id" id="A90BFC13-7537-8A99-4A3A-8BFE18F7A69D">
<createdBy>wongk</createdBy>
<createdTime>2022-04-28 04:26:08 UTC</createdTime>
<commentInRDBMS><![CDATA[operator's ID]]></commentInRDBMS>
<generatorID>E13D3987-F382-04B3-6D0C-D2F20C437976</generatorID>
<ownerDesignName>wc_logical</ownerDesignName>
<useDomainConstraints>false</useDomainConstraints>
<use>1</use>
<logicalDatatype>LOGDT019</logicalDatatype>
<dataTypePrecision>7</dataTypePrecision>
<ownDataTypeParameters>,7,</ownDataTypeParameters>
<autoIncrementCycle>false</autoIncrementCycle>
</Column>
<Column name="opt_company_name" id="E2791B6C-76F0-A8C1-30D8-892C18DEDE85">
<createdBy>wongk</createdBy>
<createdTime>2022-04-28 04:26:08 UTC</createdTime>
<commentInRDBMS><![CDATA[operator's company name]]></commentInRDBMS>
<generatorID>74F3DB26-C0B9-1BF8-615F-36F3EF4489AA</generatorID>
<ownerDesignName>wc_logical</ownerDesignName>
<useDomainConstraints>false</useDomainConstraints>
<use>1</use>
<logicalDatatype>LOGDT024</logicalDatatype>
<dataTypeSize>20</dataTypeSize>
<ownDataTypeParameters>20,,</ownDataTypeParameters>
<autoIncrementCycle>false</autoIncrementCycle>
</Column>
<Column name="opt_ceo_name" id="AF9CDFDE-1229-5526-B052-8E21D222E8CA">
<createdBy>wongk</createdBy>
<createdTime>2022-04-28 04:26:08 UTC</createdTime>
<commentInRDBMS><![CDATA[operator's ceo name]]></commentInRDBMS>
<generatorID>4D6E66B2-E2C4-1D30-263D-590262AB180B</generatorID>
<ownerDesignName>wc_logical</ownerDesignName>
<useDomainConstraints>false</useDomainConstraints>
<use>1</use>
<logicalDatatype>LOGDT024</logicalDatatype>
<dataTypeSize>20</dataTypeSize>
<ownDataTypeParameters>20,,</ownDataTypeParameters>
<autoIncrementCycle>false</autoIncrementCycle>
</Column>
</columns>
<indexes itemClass="oracle.dbtools.crest.model.design.relational.Index">
<ind_PK_UK id="1B660108-8360-CDD0-6533-AE8C847B8373" name="OPERATOR_PK">
<createdBy>wongk</createdBy>
<createdTime>2022-04-28 04:26:08 UTC</createdTime>
<generatorID>48C977CA-9ED6-7779-6A79-9BA6377820FB</generatorID>
<ownerDesignName>wc_logical</ownerDesignName>
<pk>true</pk>
<indexState>Primary Constraint</indexState>
<isSurrogateKey>false</isSurrogateKey>
<indexColumnUsage>
<colUsage columnID="A90BFC13-7537-8A99-4A3A-8BFE18F7A69D"/>
</indexColumnUsage>
</ind_PK_UK>
</indexes>
</Table>
