<?xml version = '1.0' encoding = 'UTF-8'?>
<Table class="oracle.dbtools.crest.model.design.relational.Table" directorySegmentName="seg_0" id="E1A11903-46DA-BC26-2296-B4B5F51FD6A3" name="SHIP">
<createdBy>wongk</createdBy>
<createdTime>2022-04-28 04:26:08 UTC</createdTime>
<generatorID>CEACD0EC-017D-CF65-EF2F-F261C5773F59</generatorID>
<ownerDesignName>wc_logical</ownerDesignName>
<allowColumnReorder>false</allowColumnReorder>
<existDependencyGenerateInDDl>true</existDependencyGenerateInDDl>
<parsed>true</parsed>
<columns itemClass="oracle.dbtools.crest.model.design.relational.Column">
<Column name="ship_code" id="DCE691E4-4CDB-FDAD-5120-60BC96818321">
<createdBy>wongk</createdBy>
<createdTime>2022-04-28 04:26:08 UTC</createdTime>
<commentInRDBMS><![CDATA[the ship's code]]></commentInRDBMS>
<generatorID>3F254DCB-08AE-9A1C-C412-750B4450252E</generatorID>
<ownerDesignName>wc_logical</ownerDesignName>
<useDomainConstraints>false</useDomainConstraints>
<use>1</use>
<logicalDatatype>LOGDT019</logicalDatatype>
<dataTypePrecision>7</dataTypePrecision>
<ownDataTypeParameters>,7,</ownDataTypeParameters>
<autoIncrementCycle>false</autoIncrementCycle>
</Column>
<Column name="opt_id" id="58691A68-2AB9-CE94-CE8C-87F7ECE688E6">
<createdBy>wongk</createdBy>
<createdTime>2022-04-28 04:26:08 UTC</createdTime>
<commentInRDBMS><![CDATA[operator's ID]]></commentInRDBMS>
<generatorID>BE35EAC8-C2EF-29DE-0E05-90C164FDB4C1</generatorID>
<ownerDesignName>wc_logical</ownerDesignName>
<useDomainConstraints>false</useDomainConstraints>
<use>1</use>
<logicalDatatype>LOGDT019</logicalDatatype>
<dataTypePrecision>7</dataTypePrecision>
<ownDataTypeParameters>,,</ownDataTypeParameters>
<previousColumn>false</previousColumn>
<autoIncrementCycle>false</autoIncrementCycle>
<associations>
<colAssociation fkAssociation="E83EF3AA-501B-7B74-F379-A28CE116D29A" referredColumn="A90BFC13-7537-8A99-4A3A-8BFE18F7A69D"/>
</associations>
</Column>
<Column name="ship_registered_country_code" id="5D56863A-4699-03DE-36E0-3C61F0DA01DD">
<createdBy>wongk</createdBy>
<createdTime>2022-04-28 04:26:08 UTC</createdTime>
<commentInRDBMS><![CDATA[the country's code following ISO 3166-1 Alpha-2 codes]]></commentInRDBMS>
<generatorID>F3D4A500-F75B-DA8F-7E7E-F2CACB3394C2</generatorID>
<ownerDesignName>wc_logical</ownerDesignName>
<useDomainConstraints>false</useDomainConstraints>
<use>1</use>
<logicalDatatype>LOGDT025</logicalDatatype>
<dataTypeSize>2</dataTypeSize>
<ownDataTypeParameters>,,</ownDataTypeParameters>
<previousColumn>false</previousColumn>
<autoIncrementCycle>false</autoIncrementCycle>
<associations>
<colAssociation fkAssociation="83A74C8B-B499-6991-472F-CC02B78D0F60" referredColumn="62A72DD5-E3E9-2FD9-4BCE-0CCA220C475A"/>
</associations>
</Column>
<Column name="ship_name" id="4CDEA364-8108-385B-72D4-190B632EBF08">
<createdBy>wongk</createdBy>
<createdTime>2022-04-28 04:26:08 UTC</createdTime>
<commentInRDBMS><![CDATA[the ship's name]]></commentInRDBMS>
<generatorID>2D7BC8B6-56A9-1187-C8E2-9CA45C473DA4</generatorID>
<ownerDesignName>wc_logical</ownerDesignName>
<useDomainConstraints>false</useDomainConstraints>
<use>1</use>
<logicalDatatype>LOGDT024</logicalDatatype>
<dataTypeSize>20</dataTypeSize>
<ownDataTypeParameters>20,,</ownDataTypeParameters>
<autoIncrementCycle>false</autoIncrementCycle>
</Column>
<Column name="ship_comm_date" id="D73EA55A-B9B3-E126-534D-C0DB8E6E54E4">
<createdBy>wongk</createdBy>
<createdTime>2022-04-28 04:26:08 UTC</createdTime>
<commentInRDBMS><![CDATA[the ship's commision date]]></commentInRDBMS>
<generatorID>CB7810FD-659F-0A38-2E27-27A2FBFD0059</generatorID>
<ownerDesignName>wc_logical</ownerDesignName>
<useDomainConstraints>false</useDomainConstraints>
<use>1</use>
<logicalDatatype>LOGDT007</logicalDatatype>
<ownDataTypeParameters>,,</ownDataTypeParameters>
<autoIncrementCycle>false</autoIncrementCycle>
</Column>
<Column name="ship_tonnage" id="D0342E4E-07AB-3178-C343-CF6C25C304D1">
<createdBy>wongk</createdBy>
<createdTime>2022-04-28 04:26:08 UTC</createdTime>
<commentInRDBMS><![CDATA[the ship's tonnage]]></commentInRDBMS>
<generatorID>B6920F51-5BDE-E23F-4488-C6707190D54F</generatorID>
<ownerDesignName>wc_logical</ownerDesignName>
<useDomainConstraints>false</useDomainConstraints>
<use>1</use>
<logicalDatatype>LOGDT019</logicalDatatype>
<dataTypePrecision>6</dataTypePrecision>
<ownDataTypeParameters>,6,</ownDataTypeParameters>
<autoIncrementCycle>false</autoIncrementCycle>
</Column>
<Column name="ship_max_guest_cap" id="B1041F93-B2D8-B7D0-C0AA-EAB9CA31E7D4">
<createdBy>wongk</createdBy>
<createdTime>2022-04-28 04:26:08 UTC</createdTime>
<commentInRDBMS><![CDATA[the ship's maximum guest capacity]]></commentInRDBMS>
<generatorID>2A46171E-67EC-F472-7F6E-88985791DA9A</generatorID>
<ownerDesignName>wc_logical</ownerDesignName>
<useDomainConstraints>false</useDomainConstraints>
<use>1</use>
<logicalDatatype>LOGDT019</logicalDatatype>
<dataTypePrecision>5</dataTypePrecision>
<ownDataTypeParameters>,5,</ownDataTypeParameters>
<autoIncrementCycle>false</autoIncrementCycle>
</Column>
</columns>
<indexes itemClass="oracle.dbtools.crest.model.design.relational.Index">
<ind_PK_UK id="75E202FE-E1D7-8814-D08A-51E5253EA291" name="SHIP_PK">
<createdBy>wongk</createdBy>
<createdTime>2022-04-28 04:26:08 UTC</createdTime>
<generatorID>E51C9204-130A-1E5A-0A2B-9A150FE2374E</generatorID>
<ownerDesignName>wc_logical</ownerDesignName>
<pk>true</pk>
<indexState>Primary Constraint</indexState>
<isSurrogateKey>false</isSurrogateKey>
<indexColumnUsage>
<colUsage columnID="DCE691E4-4CDB-FDAD-5120-60BC96818321"/>
</indexColumnUsage>
</ind_PK_UK>
<ind_PK_UK id="D4FE6B1F-F547-3EC7-D900-9350CB017FD6" name="OPERATOR_SHIP">
<createdBy>wongk</createdBy>
<createdTime>2022-04-28 04:26:08 UTC</createdTime>
<generatorID>4D92C9C1-0698-DB7D-E139-A2BFDC888E90</generatorID>
<ownerDesignName>wc_logical</ownerDesignName>
<indexState>Foreign Key</indexState>
<isSurrogateKey>false</isSurrogateKey>
<indexColumnUsage>
<colUsage columnID="58691A68-2AB9-CE94-CE8C-87F7ECE688E6"/>
</indexColumnUsage>
</ind_PK_UK>
<ind_PK_UK id="09EE0388-5EDA-3593-0BF7-38FFB02A09CD" name="Relation_24">
<createdBy>wongk</createdBy>
<createdTime>2022-04-28 04:26:08 UTC</createdTime>
<generatorID>EAAC18EC-8067-81D1-28D7-75B4D8B59624</generatorID>
<ownerDesignName>wc_logical</ownerDesignName>
<indexState>Foreign Key</indexState>
<isSurrogateKey>false</isSurrogateKey>
<indexColumnUsage>
<colUsage columnID="5D56863A-4699-03DE-36E0-3C61F0DA01DD"/>
</indexColumnUsage>
</ind_PK_UK>
</indexes>
</Table>
