<?xml version = '1.0' encoding = 'UTF-8'?>
<FKIndexAssociation class="oracle.dbtools.crest.model.design.relational.FKIndexAssociation" directorySegmentName="seg_0" id="A2B635DF-DF79-0633-A501-82691D05A3A1" containerWithKeyObject="4C49E2F5-A2BE-DD3F-01B6-007819B1F177" localFKIndex="E8A8F2D2-F476-8ADF-3CB4-F9F093F0FC41" name="PORT_PORT_TOUR">
<createdBy>wongk</createdBy>
<createdTime>2022-04-28 04:26:08 UTC</createdTime>
<generatorID>1B2FF1D4-5BFE-A2D4-B99D-DA1DCB135764</generatorID>
<ownerDesignName>wc_logical</ownerDesignName>
<referredTableLongName>PORT</referredTableLongName>
<deleteRule>NO ACTION</deleteRule>
<referredTableID>25BA278A-CB45-63C3-79BD-CF361CA9CC7B</referredTableID>
<keyObject>22AEA9BB-16D7-401F-A694-E9C825AE9FBB</keyObject>
<referredKeyID>22AEA9BB-16D7-401F-A694-E9C825AE9FBB</referredKeyID>
<mandatory>true</mandatory>
<refColNames>port_code</refColNames>
<transferable>true</transferable>
<rely>false</rely>
<columnDependencyConstraintGenerateInDDL>true</columnDependencyConstraintGenerateInDDL>
</FKIndexAssociation>
