<?xml version = '1.0' encoding = 'UTF-8'?>
<FKIndexAssociation class="oracle.dbtools.crest.model.design.relational.FKIndexAssociation" directorySegmentName="seg_0" id="E0E6C513-64E4-E893-DA20-582509CB9CC7" containerWithKeyObject="7E3C86AA-9619-3114-1085-FB58D5CB91CC" localFKIndex="F28063BF-8E16-97E4-AEC0-33400B561843" name="PORT_CRUISE_PORT">
<createdBy>wongk</createdBy>
<createdTime>2022-04-28 04:26:08 UTC</createdTime>
<generatorID>FB8B4B98-E00F-5BE1-8765-1BA1579FF10D</generatorID>
<ownerDesignName>wc_logical</ownerDesignName>
<referredTableLongName>PORT</referredTableLongName>
<deleteRule>NO ACTION</deleteRule>
<referredTableID>25BA278A-CB45-63C3-79BD-CF361CA9CC7B</referredTableID>
<keyObject>22AEA9BB-16D7-401F-A694-E9C825AE9FBB</keyObject>
<referredKeyID>22AEA9BB-16D7-401F-A694-E9C825AE9FBB</referredKeyID>
<mandatory>true</mandatory>
<refColNames>port_code</refColNames>
<transferable>true</transferable>
<rely>false</rely>
<columnDependencyConstraintGenerateInDDL>true</columnDependencyConstraintGenerateInDDL>
</FKIndexAssociation>
