<?xml version = '1.0' encoding = 'UTF-8'?>
<Diagram class="oracle.dbtools.crest.swingui.logical.DPVLogical" name="Logical" id="72634A7F-CF7C-3C1E-8AE8-7EBA878E68CF">
<createdBy>Group33</createdBy>
<modifiedBy>Group33</modifiedBy>
<createdTime>2022-04-27 07:27:47 UTC</createdTime>
<autoRoute>false</autoRoute>
<boxInbox>true</boxInbox>
<showLegend>true</showLegend>
<showLabels>true</showLabels>
<showRelAttributes>false</showRelAttributes>
<gridEnabled>false</gridEnabled>
<showGrid>false</showGrid>
<diagramColor>-1</diagramColor>
<legendPosX>14</legendPosX>
<legendPosY>9</legendPosY>
<display>false</display>
<notation>2</notation>
<showAllDetails>false</showAllDetails>
<showElements>true</showElements>
<objectViews>
<OView class="oracle.dbtools.crest.swingui.logical.TVEntity" oid="0CCFDCBC-8200-1944-EFAF-5B0D99F5865F" otype="Entity" vid="362BBB7E-E162-A713-B6AA-D5656DF52F0C">
<hideElementsInCurrentOnly>false</hideElementsInCurrentOnly>
<bounds x="851" y="860" width="167" height="96"/>
</OView>
<OView class="oracle.dbtools.crest.swingui.logical.TVEntity" oid="2CB06F2D-5864-D5C2-6DC1-44DCCB50BF65" otype="Entity" vid="D9A477AD-87B2-E21A-82E8-B92E2772D76A">
<hideElementsInCurrentOnly>false</hideElementsInCurrentOnly>
<bounds x="1102" y="835" width="218" height="128"/>
</OView>
<OView class="oracle.dbtools.crest.swingui.logical.TVEntity" oid="30627008-E0D7-B624-1ED4-1DDDC9EDC51C" otype="Entity" vid="FF19CA08-E562-4477-1D8F-927A0CF46CA4">
<hideElementsInCurrentOnly>false</hideElementsInCurrentOnly>
<bounds x="560" y="369" width="184" height="114"/>
</OView>
<OView class="oracle.dbtools.crest.swingui.logical.TVEntity" oid="4CBDE4E4-CC31-113F-D9A0-B2ADB6892BCD" otype="Entity" vid="B60788B1-E4F5-E0D8-B928-3DC659959156">
<hideElementsInCurrentOnly>false</hideElementsInCurrentOnly>
<bounds x="1084" y="35" width="293" height="139"/>
</OView>
<OView class="oracle.dbtools.crest.swingui.logical.TVEntity" oid="6D1DABDC-9D74-8744-A4C8-93A6C489AB45" otype="Entity" vid="015F5796-1775-B79E-FF28-5A2279406F45">
<hideElementsInCurrentOnly>false</hideElementsInCurrentOnly>
<bounds x="553" y="547" width="219" height="168"/>
</OView>
<OView class="oracle.dbtools.crest.swingui.logical.TVEntity" oid="72EED806-F166-0747-293F-8AE7BE6E89A1" otype="Entity" vid="8B8C3D4B-7F5F-F1B1-AC21-CCF1299F9658">
<hideElementsInCurrentOnly>false</hideElementsInCurrentOnly>
<bounds x="175" y="790" width="239" height="111"/>
</OView>
<OView class="oracle.dbtools.crest.swingui.logical.TVEntity" oid="7AFEFA77-51D4-5A79-E997-4D07CB4813A6" otype="Entity" vid="DF291BEA-E351-AB81-A366-4A7EEE2F1ECE">
<hideElementsInCurrentOnly>false</hideElementsInCurrentOnly>
<bounds x="1080" y="270" width="273" height="204"/>
</OView>
<OView class="oracle.dbtools.crest.swingui.logical.TVEntity" oid="A1795B95-11D7-D942-34DC-E9ADEB713D72" otype="Entity" vid="9132AD7E-FCA4-8258-3D60-E24559997B2D">
<hideElementsInCurrentOnly>false</hideElementsInCurrentOnly>
<bounds x="548" y="808" width="244" height="169"/>
</OView>
<OView class="oracle.dbtools.crest.swingui.logical.TVEntity" oid="AE14502A-4779-D48C-E3BD-691801A8EE88" otype="Entity" vid="262B98BF-716B-6FF3-54FE-51294FD460F2">
<hideElementsInCurrentOnly>false</hideElementsInCurrentOnly>
<bounds x="1300" y="568" width="174" height="116"/>
</OView>
<OView class="oracle.dbtools.crest.swingui.logical.TVEntity" oid="C97D2ED3-464D-9DB0-1702-2189BC91FBE7" otype="Entity" vid="F9774E85-4B4E-8CEC-0D4C-FCDE132927C3">
<hideElementsInCurrentOnly>false</hideElementsInCurrentOnly>
<bounds x="156" y="505" width="187" height="110"/>
</OView>
<OView class="oracle.dbtools.crest.swingui.logical.TVEntity" oid="CBAB4E29-4D3D-0DC1-F029-3A1B5112CE98" otype="Entity" vid="9A60F5A6-C899-4342-753C-F4A4D67F0A7B">
<hideElementsInCurrentOnly>false</hideElementsInCurrentOnly>
<bounds x="433" y="27" width="215" height="114"/>
</OView>
<OView class="oracle.dbtools.crest.swingui.logical.TVEntity" oid="CEACD0EC-017D-CF65-EF2F-F261C5773F59" otype="Entity" vid="C22B4D8F-AF27-8997-80A0-7371FBB93993">
<hideElementsInCurrentOnly>false</hideElementsInCurrentOnly>
<bounds x="149" y="172" width="235" height="155"/>
</OView>
<OView class="oracle.dbtools.crest.swingui.TVLegend" oid="DFFE2760-2501-5929-8C6F-B0BE7911DB78" otype="Legend" vid="CCAB087F-3C7A-5A64-EB65-C48622ED1DC6">
<hideElementsInCurrentOnly>false</hideElementsInCurrentOnly>
<bounds x="14" y="9" width="232" height="135"/>
</OView>
<OView class="oracle.dbtools.crest.swingui.logical.TVEntity" oid="F10261F4-6544-DD83-1CAF-9F122AD14889" otype="Entity" vid="2D7DAB9A-A54D-2191-F315-3C9DF96D64CC">
<hideElementsInCurrentOnly>false</hideElementsInCurrentOnly>
<bounds x="809" y="415" width="170" height="110"/>
</OView>
<OView class="oracle.dbtools.crest.swingui.logical.TVEntity" oid="F20E592D-E978-8F8F-F673-2E6AFCE1383C" otype="Entity" vid="3947CDAF-1CBC-0FEB-AC0F-EEEF099CA471">
<hideElementsInCurrentOnly>false</hideElementsInCurrentOnly>
<bounds x="157" y="380" width="217" height="89"/>
</OView>
<OView class="oracle.dbtools.crest.swingui.logical.TVEntity" oid="F90E7CD4-50DC-4405-8B26-C4159D662374" otype="Entity" vid="3BB8F086-B0BE-55E3-3CC9-C31A83181132">
<hideElementsInCurrentOnly>false</hideElementsInCurrentOnly>
<bounds x="560" y="192" width="170" height="113"/>
</OView>
</objectViews>
<connectors>
<Connector class="oracle.dbtools.crest.swingui.logical.TVRelation" oid="10B3E3E3-1561-87AE-C012-5AD5F6A01E1C" otype="Relation" vid_source="9132AD7E-FCA4-8258-3D60-E24559997B2D" vid_target="362BBB7E-E162-A713-B6AA-D5656DF52F0C">
<hideElementsInCurrentOnly>false</hideElementsInCurrentOnly>
<backgroundColor>-16777216</backgroundColor>
<lineWidth>1</lineWidth>
<sourceLabel class="oracle.dbtools.crest.model.design.Label">
<site>0</site>
<labelBounds x="802" y="875" width="41" height="33"/>
<noBackgroundColor>true</noBackgroundColor>
<noForegroundColor>true</noForegroundColor>
</sourceLabel>
<targetLabel class="oracle.dbtools.crest.model.design.Label">
<site>2</site>
<labelBounds x="827" y="911" width="18" height="33"/>
<noBackgroundColor>true</noBackgroundColor>
<noForegroundColor>true</noForegroundColor>
</targetLabel>
<points>
<point x="792" y="908"/>
<point x="851" y="908"/>
</points>
</Connector>
<Connector class="oracle.dbtools.crest.swingui.logical.TVRelation" oid="1B2FF1D4-5BFE-A2D4-B99D-DA1DCB135764" otype="Relation" vid_source="015F5796-1775-B79E-FF28-5A2279406F45" vid_target="9132AD7E-FCA4-8258-3D60-E24559997B2D">
<hideElementsInCurrentOnly>false</hideElementsInCurrentOnly>
<backgroundColor>-16777216</backgroundColor>
<lineWidth>1</lineWidth>
<sourceLabel class="oracle.dbtools.crest.model.design.Label">
<site>0</site>
<labelBounds x="662" y="751" width="40" height="30"/>
<noBackgroundColor>true</noBackgroundColor>
<noForegroundColor>true</noForegroundColor>
</sourceLabel>
<targetLabel class="oracle.dbtools.crest.model.design.Label">
<site>2</site>
<labelBounds x="662" y="771" width="17" height="23"/>
<noBackgroundColor>true</noBackgroundColor>
<noForegroundColor>true</noForegroundColor>
</targetLabel>
<points>
<point x="662" y="715"/>
<point x="662" y="808"/>
</points>
</Connector>
<Connector class="oracle.dbtools.crest.swingui.logical.TVRelation" oid="401EF52B-0E3F-3BD1-0BF3-80CA14E2DB3E" otype="Relation" vid_source="DF291BEA-E351-AB81-A366-4A7EEE2F1ECE" vid_target="DF291BEA-E351-AB81-A366-4A7EEE2F1ECE">
<hideElementsInCurrentOnly>false</hideElementsInCurrentOnly>
<backgroundColor>-16777216</backgroundColor>
<lineWidth>1</lineWidth>
<sourceLabel class="oracle.dbtools.crest.model.design.Label">
<site>0</site>
<labelBounds x="1379" y="284" width="69" height="30"/>
<noBackgroundColor>true</noBackgroundColor>
<noForegroundColor>true</noForegroundColor>
</sourceLabel>
<targetLabel class="oracle.dbtools.crest.model.design.Label">
<site>2</site>
<labelBounds x="1363" y="447" width="18" height="30"/>
<noBackgroundColor>true</noBackgroundColor>
<noForegroundColor>true</noForegroundColor>
</targetLabel>
<points>
<point x="1353" y="299"/>
<point x="1379" y="299"/>
<point x="1379" y="457"/>
<point x="1363" y="457"/>
<point x="1353" y="457"/>
</points>
</Connector>
<Connector class="oracle.dbtools.crest.swingui.logical.TVRelation" oid="4D92C9C1-0698-DB7D-E139-A2BFDC888E90" otype="Relation" vid_source="3947CDAF-1CBC-0FEB-AC0F-EEEF099CA471" vid_target="C22B4D8F-AF27-8997-80A0-7371FBB93993">
<hideElementsInCurrentOnly>false</hideElementsInCurrentOnly>
<backgroundColor>-16777216</backgroundColor>
<lineWidth>1</lineWidth>
<sourceLabel class="oracle.dbtools.crest.model.design.Label">
<site>0</site>
<labelBounds x="265" y="343" width="55" height="31"/>
<noBackgroundColor>true</noBackgroundColor>
<noForegroundColor>true</noForegroundColor>
</sourceLabel>
<targetLabel class="oracle.dbtools.crest.model.design.Label">
<site>2</site>
<labelBounds x="265" y="364" width="18" height="29"/>
<noBackgroundColor>true</noBackgroundColor>
<noForegroundColor>true</noForegroundColor>
</targetLabel>
<points>
<point x="265" y="380"/>
<point x="265" y="327"/>
</points>
</Connector>
<Connector class="oracle.dbtools.crest.swingui.logical.TVRelation" oid="509C2B48-46D2-012E-E479-262520CE9478" otype="Relation" vid_source="C22B4D8F-AF27-8997-80A0-7371FBB93993" vid_target="9A60F5A6-C899-4342-753C-F4A4D67F0A7B">
<hideElementsInCurrentOnly>false</hideElementsInCurrentOnly>
<backgroundColor>-16777216</backgroundColor>
<lineWidth>1</lineWidth>
<sourceLabel class="oracle.dbtools.crest.model.design.Label">
<site>0</site>
<labelBounds x="340" y="125" width="31" height="33"/>
<noBackgroundColor>true</noBackgroundColor>
<noForegroundColor>true</noForegroundColor>
</sourceLabel>
<targetLabel class="oracle.dbtools.crest.model.design.Label">
<site>2</site>
<labelBounds x="409" y="100" width="18" height="33"/>
<noBackgroundColor>true</noBackgroundColor>
<noForegroundColor>true</noForegroundColor>
</targetLabel>
<points>
<point x="340" y="172"/>
<point x="340" y="97"/>
<point x="433" y="97"/>
</points>
</Connector>
<Connector class="oracle.dbtools.crest.swingui.logical.TVRelation" oid="7433C076-2400-97CD-00E9-663EC3FBFC97" otype="Relation" vid_source="3BB8F086-B0BE-55E3-3CC9-C31A83181132" vid_target="B60788B1-E4F5-E0D8-B928-3DC659959156">
<hideElementsInCurrentOnly>false</hideElementsInCurrentOnly>
<backgroundColor>-16777216</backgroundColor>
<lineWidth>1</lineWidth>
<sourceLabel class="oracle.dbtools.crest.model.design.Label">
<site>0</site>
<labelBounds x="740" y="210" width="61" height="30"/>
<noBackgroundColor>true</noBackgroundColor>
<noForegroundColor>true</noForegroundColor>
</sourceLabel>
<targetLabel class="oracle.dbtools.crest.model.design.Label">
<site>2</site>
<labelBounds x="1123" y="210" width="18" height="30"/>
<noBackgroundColor>true</noBackgroundColor>
<noForegroundColor>true</noForegroundColor>
</targetLabel>
<points>
<point x="730" y="240"/>
<point x="1123" y="240"/>
<point x="1123" y="174"/>
</points>
</Connector>
<Connector class="oracle.dbtools.crest.swingui.logical.TVRelation" oid="76465C13-6988-441A-C55C-A18BE6BA51DD" otype="Relation" vid_source="F9774E85-4B4E-8CEC-0D4C-FCDE132927C3" vid_target="015F5796-1775-B79E-FF28-5A2279406F45">
<hideElementsInCurrentOnly>false</hideElementsInCurrentOnly>
<backgroundColor>-16777216</backgroundColor>
<lineWidth>1</lineWidth>
<sourceLabel class="oracle.dbtools.crest.model.design.Label">
<site>0</site>
<labelBounds x="353" y="549" width="34" height="30"/>
<noBackgroundColor>true</noBackgroundColor>
<noForegroundColor>true</noForegroundColor>
</sourceLabel>
<targetLabel class="oracle.dbtools.crest.model.design.Label">
<site>2</site>
<labelBounds x="529" y="582" width="18" height="30"/>
<noBackgroundColor>true</noBackgroundColor>
<noForegroundColor>true</noForegroundColor>
</targetLabel>
<points>
<point x="343" y="579"/>
<point x="553" y="579"/>
</points>
</Connector>
<Connector class="oracle.dbtools.crest.swingui.logical.TVRelation" oid="76E69669-3E4C-1862-BCCB-2A317137C3BE" otype="Relation" vid_source="C22B4D8F-AF27-8997-80A0-7371FBB93993" vid_target="3BB8F086-B0BE-55E3-3CC9-C31A83181132">
<hideElementsInCurrentOnly>false</hideElementsInCurrentOnly>
<backgroundColor>-16777216</backgroundColor>
<lineWidth>1</lineWidth>
<sourceLabel class="oracle.dbtools.crest.model.design.Label">
<site>0</site>
<labelBounds x="394" y="215" width="52" height="33"/>
<noBackgroundColor>true</noBackgroundColor>
<noForegroundColor>true</noForegroundColor>
</sourceLabel>
<targetLabel class="oracle.dbtools.crest.model.design.Label">
<site>2</site>
<labelBounds x="536" y="251" width="18" height="33"/>
<noBackgroundColor>true</noBackgroundColor>
<noForegroundColor>true</noForegroundColor>
</targetLabel>
<points>
<point x="384" y="248"/>
<point x="560" y="248"/>
</points>
</Connector>
<Connector class="oracle.dbtools.crest.swingui.logical.TVRelation" oid="859ACC67-34B8-CD09-FF69-A1405E66E49D" otype="Relation" vid_source="3BB8F086-B0BE-55E3-3CC9-C31A83181132" vid_target="2D7DAB9A-A54D-2191-F315-3C9DF96D64CC">
<hideElementsInCurrentOnly>false</hideElementsInCurrentOnly>
<backgroundColor>-16777216</backgroundColor>
<lineWidth>1</lineWidth>
<sourceLabel class="oracle.dbtools.crest.model.design.Label">
<site>0</site>
<labelBounds x="740" y="249" width="31" height="30"/>
<noBackgroundColor>true</noBackgroundColor>
<noForegroundColor>true</noForegroundColor>
</sourceLabel>
<targetLabel class="oracle.dbtools.crest.model.design.Label">
<site>2</site>
<labelBounds x="882" y="379" width="18" height="30"/>
<noBackgroundColor>true</noBackgroundColor>
<noForegroundColor>true</noForegroundColor>
</targetLabel>
<points>
<point x="730" y="279"/>
<point x="882" y="279"/>
<point x="882" y="415"/>
</points>
</Connector>
<Connector class="oracle.dbtools.crest.swingui.logical.TVRelation" oid="8D2DEBAB-64C8-A7E4-BF1B-CD0B1F0ADE7B" otype="Relation" vid_source="015F5796-1775-B79E-FF28-5A2279406F45" vid_target="8B8C3D4B-7F5F-F1B1-AC21-CCF1299F9658">
<hideElementsInCurrentOnly>false</hideElementsInCurrentOnly>
<backgroundColor>-16777216</backgroundColor>
<lineWidth>1</lineWidth>
<sourceLabel class="oracle.dbtools.crest.model.design.Label">
<site>0</site>
<labelBounds x="453" y="654" width="94" height="30"/>
<noBackgroundColor>true</noBackgroundColor>
<noForegroundColor>true</noForegroundColor>
</sourceLabel>
<targetLabel class="oracle.dbtools.crest.model.design.Label">
<site>2</site>
<labelBounds x="262" y="754" width="18" height="30"/>
<noBackgroundColor>true</noBackgroundColor>
<noForegroundColor>true</noForegroundColor>
</targetLabel>
<points>
<point x="553" y="684"/>
<point x="262" y="684"/>
<point x="262" y="790"/>
</points>
</Connector>
<Connector class="oracle.dbtools.crest.swingui.logical.TVRelation" oid="8F590AFA-AFD4-78C2-80AB-678F7D82DC38" otype="Relation" vid_source="DF291BEA-E351-AB81-A366-4A7EEE2F1ECE" vid_target="2D7DAB9A-A54D-2191-F315-3C9DF96D64CC">
<hideElementsInCurrentOnly>false</hideElementsInCurrentOnly>
<backgroundColor>-16777216</backgroundColor>
<lineWidth>1</lineWidth>
<sourceLabel class="oracle.dbtools.crest.model.design.Label">
<site>0</site>
<labelBounds x="1037" y="414" width="37" height="30"/>
<noBackgroundColor>true</noBackgroundColor>
<noForegroundColor>true</noForegroundColor>
</sourceLabel>
<targetLabel class="oracle.dbtools.crest.model.design.Label">
<site>2</site>
<labelBounds x="989" y="447" width="18" height="30"/>
<noBackgroundColor>true</noBackgroundColor>
<noForegroundColor>true</noForegroundColor>
</targetLabel>
<points>
<point x="1080" y="444"/>
<point x="979" y="444"/>
</points>
</Connector>
<Connector class="oracle.dbtools.crest.swingui.logical.TVRelation" oid="A3B4F1D6-8E43-856B-84D5-452A055F4C28" otype="Relation" vid_source="DF291BEA-E351-AB81-A366-4A7EEE2F1ECE" vid_target="B60788B1-E4F5-E0D8-B928-3DC659959156">
<hideElementsInCurrentOnly>false</hideElementsInCurrentOnly>
<backgroundColor>-16777216</backgroundColor>
<lineWidth>1</lineWidth>
<sourceLabel class="oracle.dbtools.crest.model.design.Label">
<site>0</site>
<labelBounds x="1218" y="226" width="49" height="30"/>
<noBackgroundColor>true</noBackgroundColor>
<noForegroundColor>true</noForegroundColor>
</sourceLabel>
<targetLabel class="oracle.dbtools.crest.model.design.Label">
<site>2</site>
<labelBounds x="1218" y="218" width="20" height="32"/>
<noBackgroundColor>true</noBackgroundColor>
<noForegroundColor>true</noForegroundColor>
</targetLabel>
<points>
<point x="1218" y="270"/>
<point x="1218" y="174"/>
</points>
</Connector>
<Connector class="oracle.dbtools.crest.swingui.logical.TVRelation" oid="A410611A-D47C-B093-C1CA-6EDAB277B8FD" otype="Relation" vid_source="9A60F5A6-C899-4342-753C-F4A4D67F0A7B" vid_target="B60788B1-E4F5-E0D8-B928-3DC659959156">
<hideElementsInCurrentOnly>false</hideElementsInCurrentOnly>
<backgroundColor>-16777216</backgroundColor>
<lineWidth>1</lineWidth>
<sourceLabel class="oracle.dbtools.crest.model.design.Label">
<site>0</site>
<labelBounds x="658" y="57" width="52" height="31"/>
<noBackgroundColor>true</noBackgroundColor>
<noForegroundColor>true</noForegroundColor>
</sourceLabel>
<targetLabel class="oracle.dbtools.crest.model.design.Label">
<site>2</site>
<labelBounds x="1060" y="91" width="18" height="30"/>
<noBackgroundColor>true</noBackgroundColor>
<noForegroundColor>true</noForegroundColor>
</targetLabel>
<points>
<point x="648" y="88"/>
<point x="1084" y="88"/>
</points>
</Connector>
<Connector class="oracle.dbtools.crest.swingui.logical.TVRelation" oid="B416730C-6DE0-4A13-594C-039B4727BD4B" otype="Relation" vid_source="D9A477AD-87B2-E21A-82E8-B92E2772D76A" vid_target="362BBB7E-E162-A713-B6AA-D5656DF52F0C">
<hideElementsInCurrentOnly>false</hideElementsInCurrentOnly>
<backgroundColor>-16777216</backgroundColor>
<lineWidth>1</lineWidth>
<sourceLabel class="oracle.dbtools.crest.model.design.Label">
<site>0</site>
<labelBounds x="1062" y="875" width="34" height="33"/>
<noBackgroundColor>true</noBackgroundColor>
<noForegroundColor>true</noForegroundColor>
</sourceLabel>
<targetLabel class="oracle.dbtools.crest.model.design.Label">
<site>2</site>
<labelBounds x="1028" y="911" width="18" height="30"/>
<noBackgroundColor>true</noBackgroundColor>
<noForegroundColor>true</noForegroundColor>
</targetLabel>
<points>
<point x="1102" y="908"/>
<point x="1018" y="908"/>
</points>
</Connector>
<Connector class="oracle.dbtools.crest.swingui.logical.TVRelation" oid="C3CAB01F-9C51-1A3D-2E31-6C95698DA0C6" otype="Relation" vid_source="262B98BF-716B-6FF3-54FE-51294FD460F2" vid_target="DF291BEA-E351-AB81-A366-4A7EEE2F1ECE">
<hideElementsInCurrentOnly>false</hideElementsInCurrentOnly>
<backgroundColor>-16777216</backgroundColor>
<lineWidth>1</lineWidth>
<sourceLabel class="oracle.dbtools.crest.model.design.Label">
<site>0</site>
<labelBounds x="1246" y="607" width="48" height="30"/>
<noBackgroundColor>true</noBackgroundColor>
<noForegroundColor>true</noForegroundColor>
</sourceLabel>
<targetLabel class="oracle.dbtools.crest.model.design.Label">
<site>2</site>
<labelBounds x="1234" y="526" width="17" height="29"/>
<noBackgroundColor>true</noBackgroundColor>
<noForegroundColor>true</noForegroundColor>
</targetLabel>
<points>
<point x="1300" y="637"/>
<point x="1234" y="637"/>
<point x="1234" y="474"/>
</points>
</Connector>
<Connector class="oracle.dbtools.crest.swingui.logical.TVRelation" oid="D6249E24-8A0D-10BD-E020-1860FFDFFFCC" otype="Relation" vid_source="3BB8F086-B0BE-55E3-3CC9-C31A83181132" vid_target="FF19CA08-E562-4477-1D8F-927A0CF46CA4">
<hideElementsInCurrentOnly>false</hideElementsInCurrentOnly>
<backgroundColor>-16777216</backgroundColor>
<lineWidth>1</lineWidth>
<sourceLabel class="oracle.dbtools.crest.model.design.Label">
<site>0</site>
<labelBounds x="645" y="368" width="37" height="33"/>
<noBackgroundColor>true</noBackgroundColor>
<noForegroundColor>true</noForegroundColor>
</sourceLabel>
<targetLabel class="oracle.dbtools.crest.model.design.Label">
<site>2</site>
<labelBounds x="645" y="330" width="18" height="33"/>
<noBackgroundColor>true</noBackgroundColor>
<noForegroundColor>true</noForegroundColor>
</targetLabel>
<points>
<point x="645" y="305"/>
<point x="645" y="369"/>
</points>
</Connector>
<Connector class="oracle.dbtools.crest.swingui.logical.TVRelation" oid="EAAC18EC-8067-81D1-28D7-75B4D8B59624" otype="Relation" vid_source="F9774E85-4B4E-8CEC-0D4C-FCDE132927C3" vid_target="C22B4D8F-AF27-8997-80A0-7371FBB93993">
<hideElementsInCurrentOnly>false</hideElementsInCurrentOnly>
<backgroundColor>-16777216</backgroundColor>
<lineWidth>1</lineWidth>
<sourceLabel class="oracle.dbtools.crest.model.design.Label">
<site>0</site>
<labelBounds x="75" y="524" width="75" height="30"/>
<noBackgroundColor>true</noBackgroundColor>
<noForegroundColor>true</noForegroundColor>
</sourceLabel>
<targetLabel class="oracle.dbtools.crest.model.design.Label">
<site>2</site>
<labelBounds x="125" y="228" width="18" height="32"/>
<noBackgroundColor>true</noBackgroundColor>
<noForegroundColor>true</noForegroundColor>
</targetLabel>
<points>
<point x="156" y="554"/>
<point x="46" y="554"/>
<point x="43" y="225"/>
<point x="149" y="225"/>
</points>
</Connector>
<Connector class="oracle.dbtools.crest.swingui.logical.TVRelation" oid="F5A7D322-56F8-904E-930C-B080DCFC32D5" otype="Relation" vid_source="D9A477AD-87B2-E21A-82E8-B92E2772D76A" vid_target="DF291BEA-E351-AB81-A366-4A7EEE2F1ECE">
<hideElementsInCurrentOnly>false</hideElementsInCurrentOnly>
<backgroundColor>-16777216</backgroundColor>
<lineWidth>1</lineWidth>
<sourceLabel class="oracle.dbtools.crest.model.design.Label">
<site>0</site>
<labelBounds x="1211" y="791" width="45" height="30"/>
<noBackgroundColor>true</noBackgroundColor>
<noForegroundColor>true</noForegroundColor>
</sourceLabel>
<targetLabel class="oracle.dbtools.crest.model.design.Label">
<site>2</site>
<labelBounds x="1211" y="534" width="18" height="30"/>
<noBackgroundColor>true</noBackgroundColor>
<noForegroundColor>true</noForegroundColor>
</targetLabel>
<points>
<point x="1211" y="835"/>
<point x="1211" y="474"/>
</points>
</Connector>
<Connector class="oracle.dbtools.crest.swingui.logical.TVRelation" oid="F82703BF-D9CD-0847-E107-35063FDA10FE" otype="Relation" vid_source="9132AD7E-FCA4-8258-3D60-E24559997B2D" vid_target="2D7DAB9A-A54D-2191-F315-3C9DF96D64CC">
<hideElementsInCurrentOnly>false</hideElementsInCurrentOnly>
<backgroundColor>-16777216</backgroundColor>
<lineWidth>1</lineWidth>
<sourceLabel class="oracle.dbtools.crest.model.design.Label">
<site>0</site>
<labelBounds x="802" y="792" width="75" height="30"/>
<noBackgroundColor>true</noBackgroundColor>
<noForegroundColor>true</noForegroundColor>
</sourceLabel>
<targetLabel class="oracle.dbtools.crest.model.design.Label">
<site>2</site>
<labelBounds x="876" y="577" width="18" height="30"/>
<noBackgroundColor>true</noBackgroundColor>
<noForegroundColor>true</noForegroundColor>
</targetLabel>
<points>
<point x="792" y="822"/>
<point x="876" y="822"/>
<point x="876" y="525"/>
</points>
</Connector>
<Connector class="oracle.dbtools.crest.swingui.logical.TVRelation" oid="FB8B4B98-E00F-5BE1-8765-1BA1579FF10D" otype="Relation" vid_source="015F5796-1775-B79E-FF28-5A2279406F45" vid_target="FF19CA08-E562-4477-1D8F-927A0CF46CA4">
<hideElementsInCurrentOnly>false</hideElementsInCurrentOnly>
<backgroundColor>-16777216</backgroundColor>
<lineWidth>1</lineWidth>
<sourceLabel class="oracle.dbtools.crest.model.design.Label">
<site>0</site>
<labelBounds x="652" y="484" width="55" height="33"/>
<noBackgroundColor>true</noBackgroundColor>
<noForegroundColor>true</noForegroundColor>
</sourceLabel>
<targetLabel class="oracle.dbtools.crest.model.design.Label">
<site>2</site>
<labelBounds x="652" y="530" width="18" height="33"/>
<noBackgroundColor>true</noBackgroundColor>
<noForegroundColor>true</noForegroundColor>
</targetLabel>
<points>
<point x="652" y="547"/>
<point x="652" y="483"/>
</points>
</Connector>
</connectors>
</Diagram>
